Date,High,Low,Open,Close,Volume,Adj Close,5일선,8일선,10일선,30일선,45일선,60일선,120일선
2017-12-08,29600.0,26000.0,28650.0,28850.0,7793658.0,28580.876953125,,,,,,,
2017-12-11,28700.0,26600.0,28400.0,26600.0,1777625.0,26351.865234375,,,,,,,
2017-12-12,26950.0,25600.0,26850.0,26200.0,837345.0,25955.59765625,,,,,,,
2017-12-13,27200.0,26150.0,26300.0,27150.0,625664.0,26896.734375,,,,,,,
2017-12-14,27700.0,26850.0,27000.0,27500.0,522857.0,27243.470703125,27260.0,,,,,,
2017-12-15,27650.0,27000.0,27550.0,27150.0,237876.0,26896.734375,26920.0,,,,,,
2017-12-18,27300.0,26550.0,27250.0,26850.0,210750.0,26599.533203125,26970.0,,,,,,
2017-12-19,27000.0,26100.0,26700.0,26300.0,309917.0,26054.6640625,26990.0,27075.0,,,,,
2017-12-21,26850.0,26200.0,26600.0,26250.0,145108.0,26005.130859375,26810.0,26750.0,,,,,
2017-12-22,26850.0,25950.0,25950.0,26750.0,202167.0,26500.466796875,26660.0,26768.75,26960.0,,,,
2017-12-26,26950.0,26350.0,26550.0,26800.0,153131.0,26550.0,26590.0,26843.75,26755.0,,,,
2017-12-27,26700.0,26350.0,26650.0,26450.0,104189.0,26450.0,26510.0,26756.25,26740.0,,,,
2017-12-28,26850.0,26250.0,26500.0,26500.0,142100.0,26500.0,26550.0,26631.25,26770.0,,,,
2018-01-03,27950.0,27400.0,27650.0,27750.0,219853.0,27750.0,26850.0,26706.25,26830.0,,,,
2018-01-04,27900.0,27050.0,27800.0,27600.0,205356.0,27600.0,27020.0,26800.0,26840.0,,,,
2018-01-05,27850.0,27400.0,27600.0,27750.0,109429.0,27750.0,27210.0,26981.25,26900.0,,,,
2018-01-08,27900.0,26900.0,27750.0,27200.0,176104.0,27200.0,27360.0,27100.0,26935.0,,,,
2018-01-09,27400.0,26800.0,27350.0,26950.0,88388.0,26950.0,27450.0,27125.0,27000.0,,,,
2018-01-10,27550.0,26700.0,26950.0,27400.0,140233.0,27400.0,27380.0,27200.0,27115.0,,,,
2018-01-11,27600.0,27050.0,27500.0,27600.0,118279.0,27600.0,27380.0,27343.75,27200.0,,,,
2018-01-12,27600.0,27000.0,27550.0,27200.0,181183.0,27200.0,27270.0,27431.25,27240.0,,,,
2018-01-15,27300.0,26950.0,27300.0,27100.0,113256.0,27100.0,27250.0,27350.0,27305.0,,,,
2018-01-16,28950.0,27050.0,27100.0,28500.0,729128.0,28500.0,27560.0,27462.5,27505.0,,,,
2018-01-17,29000.0,27950.0,28600.0,28750.0,492568.0,28750.0,27830.0,27587.5,27605.0,,,,
2018-01-18,28700.0,28050.0,28550.0,28400.0,169914.0,28400.0,27990.0,27737.5,27685.0,,,,
2018-01-19,29000.0,28200.0,28250.0,28900.0,185153.0,28900.0,28330.0,27981.25,27800.0,,,,
2018-01-22,29300.0,28200.0,28650.0,28600.0,150030.0,28600.0,28630.0,28131.25,27940.0,,,,
2018-01-23,29050.0,28200.0,28500.0,28200.0,186412.0,28200.0,28570.0,28206.25,28065.0,,,,
2018-01-24,29100.0,28250.0,28250.0,28950.0,231067.0,28950.0,28610.0,28425.0,28220.0,,,,
2018-01-25,30450.0,29350.0,29450.0,30100.0,699054.0,30100.0,28950.0,28800.0,28470.0,27543.333333333332,,,
2018-01-26,31000.0,29850.0,30100.0,30950.0,385373.0,30950.0,29360.0,29106.25,28845.0,27613.333333333332,,,
2018-01-29,31400.0,30400.0,31000.0,30900.0,293450.0,30900.0,29820.0,29375.0,29225.0,27756.666666666668,,,
2018-01-30,30900.0,29850.0,30900.0,30300.0,207917.0,30300.0,30240.0,29612.5,29405.0,27893.333333333332,,,
2018-01-31,30300.0,29500.0,29700.0,30100.0,137080.0,30100.0,30470.0,29762.5,29540.0,27991.666666666668,,,
2018-02-01,31000.0,30000.0,30100.0,30900.0,189089.0,30900.0,30630.0,30050.0,29790.0,28105.0,,,
2018-02-02,31900.0,30800.0,31250.0,31400.0,516238.0,31400.0,30720.0,30450.0,30040.0,28246.666666666668,,,
2018-02-05,31450.0,30050.0,30350.0,31200.0,285332.0,31200.0,30780.0,30731.25,30300.0,28391.666666666668,,,
2018-02-06,31250.0,29650.0,29850.0,31150.0,363661.0,31150.0,30950.0,30862.5,30595.0,28553.333333333332,,,
2018-02-07,31800.0,30500.0,31800.0,31050.0,327887.0,31050.0,31140.0,30875.0,30805.0,28713.333333333332,,,
2018-02-08,31500.0,31050.0,31100.0,31350.0,157174.0,31350.0,31230.0,30931.25,30930.0,28866.666666666668,,,
2018-02-09,31950.0,30600.0,30900.0,31800.0,481691.0,31800.0,31310.0,31118.75,31015.0,29033.333333333332,,,
2018-02-12,32100.0,31050.0,32000.0,31200.0,234309.0,31200.0,31310.0,31256.25,31045.0,29191.666666666668,,,
2018-02-13,31700.0,30650.0,31700.0,30800.0,147949.0,30800.0,31240.0,31243.75,31095.0,29335.0,,,
2018-02-14,31800.0,30600.0,30800.0,31650.0,111369.0,31650.0,31360.0,31275.0,31250.0,29465.0,,,
2018-02-19,32100.0,31650.0,31700.0,32100.0,269070.0,32100.0,31510.0,31387.5,31370.0,29615.0,28736.666666666668,,
2018-02-20,32200.0,31700.0,32100.0,32000.0,127078.0,32000.0,31550.0,31493.75,31430.0,29756.666666666668,28806.666666666668,,
2018-02-21,32150.0,31700.0,32000.0,31950.0,66774.0,31950.0,31700.0,31606.25,31505.0,29915.0,28925.555555555555,,
2018-02-22,32000.0,31250.0,31950.0,31400.0,105517.0,31400.0,31820.0,31612.5,31530.0,30063.333333333332,29041.11111111111,,
2018-02-23,31650.0,31000.0,31400.0,31200.0,112453.0,31200.0,31730.0,31537.5,31545.0,30190.0,29131.11111111111,,
2018-02-26,31450.0,29650.0,31450.0,29750.0,223101.0,29750.0,31260.0,31356.25,31385.0,30261.666666666668,29181.11111111111,,
2018-02-27,30600.0,29250.0,29900.0,30400.0,109980.0,30400.0,30940.0,31306.25,31245.0,30368.333333333332,29253.333333333332,,
2018-02-28,30400.0,29700.0,30050.0,30300.0,70456.0,30300.0,30610.0,31137.5,31155.0,30475.0,29330.0,,
2018-03-02,31400.0,29800.0,29800.0,31200.0,160111.0,31200.0,30570.0,31025.0,31195.0,30565.0,29438.88888888889,,
2018-03-05,31400.0,30300.0,31300.0,31100.0,96983.0,31100.0,30550.0,30912.5,31140.0,30643.333333333332,29546.666666666668,,
2018-03-06,31950.0,31100.0,31100.0,31800.0,212468.0,31800.0,30960.0,30893.75,31110.0,30756.666666666668,29658.88888888889,,
2018-03-07,32100.0,30100.0,31800.0,31500.0,229206.0,31500.0,31180.0,30906.25,31060.0,30843.333333333332,29763.333333333332,,
2018-03-08,31900.0,31300.0,31500.0,31500.0,109961.0,31500.0,31420.0,30943.75,31015.0,30940.0,29875.555555555555,,
2018-03-09,31900.0,31400.0,31900.0,31700.0,169284.0,31700.0,31520.0,31187.5,31045.0,31056.666666666668,29991.11111111111,,
2018-03-12,31800.0,30450.0,31800.0,30950.0,201948.0,30950.0,31490.0,31256.25,31020.0,31123.333333333332,30062.222222222223,,
2018-03-13,31050.0,30550.0,30900.0,30700.0,46293.0,30700.0,31270.0,31306.25,31115.0,31143.333333333332,30131.11111111111,29343.333333333332,
2018-03-14,30650.0,30250.0,30600.0,30400.0,67916.0,30400.0,31050.0,31206.25,31115.0,31125.0,30190.0,29369.166666666668,
2018-03-15,30950.0,30200.0,30450.0,30700.0,127686.0,30700.0,30890.0,31156.25,31155.0,31118.333333333332,30267.777777777777,29437.5,
2018-03-16,31300.0,30550.0,30600.0,30800.0,78047.0,30800.0,30710.0,31031.25,31115.0,31135.0,30353.333333333332,29514.166666666668,
2018-03-19,31200.0,30600.0,30800.0,30700.0,54709.0,30700.0,30660.0,30931.25,31075.0,31155.0,30426.666666666668,29573.333333333332,
2018-03-20,30700.0,30200.0,30500.0,30400.0,47839.0,30400.0,30600.0,30793.75,30935.0,31138.333333333332,30488.88888888889,29621.666666666668,
2018-03-21,30600.0,29600.0,30450.0,29650.0,140240.0,29650.0,30450.0,30537.5,30750.0,31080.0,30543.333333333332,29663.333333333332,
2018-03-22,30150.0,29550.0,29850.0,30000.0,103535.0,30000.0,30310.0,30418.75,30600.0,31040.0,30607.777777777777,29715.833333333332,
2018-03-23,29850.0,29050.0,29700.0,29350.0,103899.0,29350.0,30020.0,30250.0,30365.0,30980.0,30626.666666666668,29766.666666666668,
2018-03-26,29500.0,28800.0,29350.0,29100.0,105215.0,29100.0,29700.0,30087.5,30180.0,30915.0,30634.444444444445,29814.166666666668,
2018-03-27,29300.0,28800.0,29300.0,29000.0,102182.0,29000.0,29420.0,29875.0,30010.0,30836.666666666668,30647.777777777777,29851.666666666668,
2018-03-28,29600.0,28750.0,28800.0,29250.0,103013.0,29250.0,29340.0,29681.25,29895.0,30751.666666666668,30655.555555555555,29892.5,
2018-03-29,30600.0,29250.0,29250.0,30300.0,196394.0,30300.0,29400.0,29631.25,29855.0,30721.666666666668,30693.333333333332,29956.666666666668,
2018-03-30,31350.0,30200.0,30550.0,31150.0,282074.0,31150.0,29760.0,29725.0,29890.0,30733.333333333332,30758.88888888889,30034.166666666668,
2018-04-02,31950.0,31450.0,31750.0,31750.0,288877.0,31750.0,30290.0,29987.5,29995.0,30736.666666666668,30821.11111111111,30100.833333333332,
2018-04-03,33550.0,31350.0,31650.0,33500.0,692144.0,33500.0,31190.0,30425.0,30305.0,30783.333333333332,30896.666666666668,30199.166666666668,
2018-04-04,33600.0,32600.0,33550.0,33400.0,263105.0,33400.0,32020.0,30931.25,30680.0,30830.0,30951.11111111111,30293.333333333332,
2018-04-05,33500.0,32650.0,33200.0,32650.0,127806.0,32650.0,32490.0,31375.0,30945.0,30853.333333333332,30990.0,30384.166666666668,
2018-04-06,33000.0,32100.0,32700.0,32400.0,93426.0,32400.0,32740.0,31800.0,31250.0,30886.666666666668,31036.666666666668,30475.0,
2018-04-09,33700.0,31750.0,32150.0,33500.0,226599.0,33500.0,33090.0,32331.25,31690.0,30963.333333333332,31112.222222222223,30576.666666666668,
2018-04-10,33950.0,32500.0,33250.0,33800.0,167204.0,33800.0,33150.0,32768.75,32170.0,31098.333333333332,31176.666666666668,30680.0,
2018-04-11,34300.0,32500.0,33850.0,32550.0,229035.0,32550.0,32980.0,32943.75,32500.0,31170.0,31202.222222222223,30769.166666666668,
2018-04-12,32900.0,30950.0,32600.0,31250.0,339204.0,31250.0,32700.0,32881.25,32595.0,31201.666666666668,31203.333333333332,30838.333333333332,
2018-04-13,31600.0,30650.0,31550.0,31050.0,282078.0,31050.0,32430.0,32575.0,32585.0,31196.666666666668,31201.11111111111,30880.833333333332,
2018-04-16,31200.0,30050.0,31100.0,30350.0,345880.0,30350.0,31800.0,32193.75,32445.0,31171.666666666668,31185.555555555555,30907.5,
2018-04-17,30750.0,30100.0,30300.0,30700.0,257014.0,30700.0,31180.0,31950.0,32165.0,31135.0,31171.11111111111,30945.833333333332,
2018-04-18,32600.0,30500.0,30650.0,32000.0,447611.0,32000.0,31070.0,31900.0,32025.0,31151.666666666668,31175.555555555555,30997.5,
2018-04-19,32150.0,30250.0,31900.0,30600.0,544185.0,30600.0,30940.0,31537.5,31820.0,31121.666666666668,31162.222222222223,31030.833333333332,
2018-04-20,31200.0,30400.0,30550.0,30550.0,254882.0,30550.0,30840.0,31131.25,31635.0,31083.333333333332,31156.666666666668,31070.0,
2018-04-23,30900.0,29900.0,30700.0,30750.0,271620.0,30750.0,30920.0,30906.25,31360.0,31076.666666666668,31136.666666666668,31100.0,
2018-04-24,30850.0,30000.0,30850.0,30350.0,286847.0,30350.0,30850.0,30793.75,31015.0,31065.0,31097.777777777777,31104.166666666668,
2018-04-25,31600.0,29950.0,29950.0,31500.0,357299.0,31500.0,30750.0,30850.0,30910.0,31101.666666666668,31086.666666666668,31113.333333333332,
2018-04-26,31800.0,31200.0,31800.0,31450.0,180872.0,31450.0,30920.0,30987.5,30930.0,31126.666666666668,31075.555555555555,31122.5,
2018-04-27,31950.0,31250.0,31450.0,31750.0,102665.0,31750.0,31160.0,31118.75,31000.0,31158.333333333332,31083.333333333332,31146.666666666668,
2018-04-30,31900.0,31350.0,31450.0,31850.0,107253.0,31850.0,31380.0,31100.0,31150.0,31196.666666666668,31097.777777777777,31175.833333333332,
2018-05-02,32500.0,31750.0,31850.0,31750.0,261613.0,31750.0,31660.0,31243.75,31255.0,31241.666666666668,31142.222222222223,31190.0,
2018-05-03,32300.0,31750.0,31750.0,32000.0,129506.0,32000.0,31760.0,31425.0,31255.0,31320.0,31177.777777777777,31200.0,
2018-05-04,32500.0,31800.0,32300.0,32150.0,176771.0,32150.0,31900.0,31600.0,31410.0,31391.666666666668,31218.88888888889,31215.833333333332,
2018-05-08,33400.0,32100.0,32150.0,32100.0,276025.0,32100.0,31970.0,31818.75,31565.0,31483.333333333332,31238.88888888889,31231.666666666668,
2018-05-09,31200.0,29150.0,30600.0,30800.0,1131989.0,30800.0,31760.0,31731.25,31570.0,31540.0,31232.222222222223,31227.5,
2018-05-10,31950.0,30200.0,31000.0,30700.0,440011.0,30700.0,31550.0,31637.5,31605.0,31596.666666666668,31207.777777777777,31216.666666666668,
2018-05-11,33700.0,31900.0,32000.0,32950.0,1074537.0,32950.0,31740.0,31787.5,31750.0,31720.0,31240.0,31235.833333333332,
2018-05-14,33500.0,32650.0,32850.0,32700.0,381621.0,32700.0,31850.0,31893.75,31875.0,31800.0,31266.666666666668,31260.833333333332,
2018-05-15,33000.0,31500.0,32650.0,31700.0,299478.0,31700.0,31770.0,31887.5,31870.0,31818.333333333332,31266.666666666668,31275.833333333332,
2018-05-16,32900.0,31150.0,31700.0,32750.0,222727.0,32750.0,32160.0,31981.25,31960.0,31851.666666666668,31306.666666666668,31294.166666666668,
2018-05-17,32950.0,32050.0,32750.0,32500.0,90683.0,32500.0,32520.0,32025.0,32035.0,31818.333333333332,31346.666666666668,31300.833333333332,
2018-05-18,32800.0,32050.0,32200.0,32200.0,137986.0,32200.0,32370.0,32037.5,32055.0,31778.333333333332,31386.666666666668,31304.166666666668,
2018-05-21,32300.0,31550.0,32200.0,31700.0,83694.0,31700.0,32170.0,32150.0,32010.0,31746.666666666668,31408.88888888889,31300.0,
2018-05-23,31550.0,30700.0,31450.0,31150.0,176703.0,31150.0,32060.0,32206.25,31915.0,31705.0,31416.666666666668,31295.833333333332,
2018-05-24,31600.0,30700.0,31250.0,31250.0,138526.0,31250.0,31760.0,31993.75,31960.0,31630.0,31428.88888888889,31296.666666666668,
2018-05-25,31250.0,30450.0,30700.0,30950.0,143122.0,30950.0,31450.0,31775.0,31985.0,31535.0,31441.11111111111,31316.666666666668,
2018-05-28,31850.0,31000.0,31000.0,31750.0,155811.0,31750.0,31360.0,31781.25,31865.0,31508.333333333332,31487.777777777777,31339.166666666668,
2018-05-29,32350.0,31650.0,31950.0,31650.0,104678.0,31650.0,31350.0,31643.75,31760.0,31521.666666666668,31524.444444444445,31361.666666666668,
2018-05-30,31550.0,30350.0,31200.0,30800.0,251986.0,30800.0,31280.0,31431.25,31670.0,31513.333333333332,31556.666666666668,31355.0,
2018-05-31,31150.0,30150.0,31100.0,30200.0,282945.0,30200.0,31070.0,31181.25,31415.0,31508.333333333332,31581.11111111111,31340.0,
2018-06-01,31000.0,30200.0,30200.0,30950.0,136445.0,30950.0,31070.0,31087.5,31260.0,31516.666666666668,31624.444444444445,31325.833333333332,
2018-06-04,31350.0,30700.0,30750.0,31200.0,100165.0,31200.0,30960.0,31093.75,31160.0,31490.0,31667.777777777777,31320.833333333332,
2018-06-05,31250.0,30600.0,31250.0,30900.0,119227.0,30900.0,30810.0,31050.0,31080.0,31500.0,31681.11111111111,31310.833333333332,
2018-06-07,30600.0,28450.0,30600.0,29500.0,970384.0,29500.0,30550.0,30868.75,30915.0,31465.0,31644.444444444445,31274.166666666668,
2018-06-08,29750.0,29100.0,29600.0,29450.0,308045.0,29450.0,30400.0,30581.25,30735.0,31421.666666666668,31593.333333333332,31249.166666666668,
2018-06-11,30150.0,29100.0,29700.0,30100.0,203317.0,30100.0,30230.0,30387.5,30650.0,31413.333333333332,31517.777777777777,31239.166666666668,30291.25
2018-06-12,32450.0,30250.0,30400.0,31700.0,569304.0,31700.0,30330.0,30500.0,30645.0,31420.0,31480.0,31260.833333333332,30315.0
2018-06-14,32200.0,31150.0,31700.0,31800.0,274959.0,31800.0,30510.0,30700.0,30660.0,31431.666666666668,31461.11111111111,31279.166666666668,30358.333333333332
2018-06-15,32000.0,29800.0,31850.0,30000.0,312010.0,30000.0,30610.0,30581.25,30580.0,31373.333333333332,31407.777777777777,31265.833333333332,30390.0
2018-06-18,30750.0,29550.0,30000.0,29650.0,172155.0,29650.0,30650.0,30387.5,30525.0,31300.0,31322.222222222223,31248.333333333332,30410.833333333332
2018-06-19,29700.0,28250.0,29650.0,28650.0,253135.0,28650.0,30360.0,30106.25,30295.0,31196.666666666668,31207.777777777777,31219.166666666668,30420.416666666668
2018-06-20,29850.0,28700.0,28700.0,29800.0,127689.0,29800.0,29980.0,30143.75,30155.0,31123.333333333332,31146.666666666668,31221.666666666668,30442.5
2018-06-21,29850.0,28000.0,29800.0,28200.0,284843.0,28200.0,29260.0,29987.5,29885.0,30991.666666666668,31078.88888888889,31191.666666666668,30453.75
2018-06-22,27600.0,25250.0,27500.0,26700.0,1358041.0,26700.0,28600.0,29562.5,29605.0,30811.666666666668,30982.222222222223,31147.5,30457.083333333332
2018-06-25,26750.0,25500.0,26700.0,26100.0,424073.0,26100.0,27890.0,28862.5,29270.0,30655.0,30887.777777777777,31097.5,30455.833333333332
2018-06-26,26600.0,25700.0,26250.0,26150.0,424443.0,26150.0,27390.0,28156.25,28875.0,30503.333333333332,30786.666666666668,31050.0,30450.833333333332
2018-06-27,25800.0,24100.0,25500.0,24600.0,1051276.0,24600.0,26350.0,27481.25,28165.0,30225.0,30622.222222222223,30972.5,30432.5
2018-06-28,26200.0,24000.0,24300.0,25400.0,943320.0,25400.0,25790.0,26950.0,27525.0,29981.666666666668,30506.666666666668,30890.833333333332,30423.75
2018-06-29,26900.0,24500.0,25600.0,25300.0,1428936.0,25300.0,25510.0,26531.25,27055.0,29768.333333333332,30390.0,30793.333333333332,30413.75
2018-07-02,25600.0,23650.0,25400.0,23700.0,578916.0,23700.0,25030.0,25768.75,26460.0,29466.666666666668,30233.333333333332,30659.166666666668,30380.0
2018-07-03,24250.0,22500.0,24100.0,22750.0,568477.0,22750.0,24350.0,25087.5,25870.0,29141.666666666668,30064.444444444445,30480.0,30339.583333333332
2018-07-04,23150.0,22300.0,22700.0,22650.0,271706.0,22650.0,23960.0,24581.25,25155.0,28823.333333333332,29867.777777777777,30300.833333333332,30297.083333333332
2018-07-05,24250.0,22450.0,22450.0,24000.0,570419.0,24000.0,23680.0,24318.75,24735.0,28566.666666666668,29702.222222222223,30156.666666666668,30270.416666666668
2018-07-06,24400.0,23000.0,24000.0,24050.0,222268.0,24050.0,23430.0,24056.25,24470.0,28330.0,29531.11111111111,30017.5,30246.25
2018-07-09,25300.0,24300.0,24450.0,24850.0,235014.0,24850.0,23660.0,24087.5,24345.0,28116.666666666668,29375.555555555555,29873.333333333332,30225.0
2018-07-10,26100.0,25250.0,25700.0,26050.0,401889.0,26050.0,24320.0,24168.75,24335.0,27953.333333333332,29248.88888888889,29744.166666666668,30212.083333333332
2018-07-11,26300.0,25150.0,25800.0,25750.0,228175.0,25750.0,24940.0,24225.0,24450.0,27753.333333333332,29110.0,29630.833333333332,30200.0
2018-07-12,26500.0,25650.0,26050.0,25900.0,216039.0,25900.0,25320.0,24500.0,24500.0,27561.666666666668,28971.11111111111,29541.666666666668,30190.0
2018-07-13,25900.0,25200.0,25800.0,25550.0,338451.0,25550.0,25620.0,24850.0,24525.0,27386.666666666668,28825.555555555555,29450.0,30165.416666666668
2018-07-16,25450.0,24300.0,25200.0,24550.0,270989.0,24550.0,25560.0,25087.5,24610.0,27198.333333333332,28686.666666666668,29353.333333333332,30130.416666666668
2018-07-17,26100.0,24550.0,24550.0,24700.0,474816.0,24700.0,25290.0,25175.0,24805.0,26990.0,28553.333333333332,29253.333333333332,30099.583333333332
2018-07-18,25500.0,24700.0,24950.0,24850.0,223112.0,24850.0,25110.0,25275.0,25025.0,26778.333333333332,28373.333333333332,29134.166666666668,30065.833333333332
2018-07-19,25400.0,23900.0,24950.0,24350.0,210602.0,24350.0,24800.0,25212.5,25060.0,26560.0,28187.777777777777,29030.0,30030.416666666668
2018-07-20,24250.0,23450.0,24000.0,23700.0,180036.0,23700.0,24430.0,24918.75,25025.0,26366.666666666668,28010.0,28915.833333333332,29992.916666666668
2018-07-23,23800.0,23150.0,23600.0,23300.0,135521.0,23300.0,24180.0,24612.5,24870.0,26161.666666666668,27800.0,28791.666666666668,29945.833333333332
2018-07-24,23100.0,22350.0,22900.0,23000.0,435380.0,23000.0,23840.0,24250.0,24565.0,25925.0,27588.88888888889,28669.166666666668,29886.666666666668
2018-07-25,23600.0,22750.0,23000.0,23050.0,295635.0,23050.0,23480.0,23937.5,24295.0,25636.666666666668,27385.555555555555,28528.333333333332,29820.833333333332
2018-07-26,24650.0,23150.0,23200.0,24150.0,242649.0,24150.0,23440.0,23887.5,24120.0,25381.666666666668,27217.777777777777,28406.666666666668,29764.583333333332
2018-07-27,24600.0,23850.0,24400.0,24350.0,161885.0,24350.0,23570.0,23843.75,24000.0,25193.333333333332,27066.666666666668,28283.333333333332,29715.0
2018-07-30,24850.0,23450.0,24600.0,24100.0,208292.0,24100.0,23730.0,23750.0,23955.0,25008.333333333332,26907.777777777777,28154.166666666668,29665.0
2018-07-31,24200.0,23400.0,23650.0,23900.0,185043.0,23900.0,23910.0,23693.75,23875.0,24850.0,26751.11111111111,28023.333333333332,29606.666666666668
2018-08-01,24000.0,23500.0,23900.0,23600.0,173497.0,23600.0,24020.0,23681.25,23750.0,24643.333333333332,26570.0,27883.333333333332,29541.666666666668
2018-08-02,24650.0,23450.0,23450.0,23850.0,328045.0,23850.0,23960.0,23750.0,23700.0,24498.333333333332,26396.666666666668,27745.0,29480.416666666668
2018-08-03,24200.0,23400.0,23900.0,23900.0,225226.0,23900.0,23870.0,23862.5,23720.0,24405.0,26243.333333333332,27608.333333333332,29420.0
2018-08-06,23900.0,23550.0,23900.0,23650.0,108949.0,23650.0,23780.0,23937.5,23755.0,24323.333333333332,26097.777777777777,27489.166666666668,29358.333333333332
2018-08-07,23700.0,23300.0,23650.0,23500.0,85489.0,23500.0,23700.0,23856.25,23805.0,24235.0,25932.222222222223,27369.166666666668,29292.916666666668
2018-08-08,23500.0,22950.0,23300.0,23050.0,178539.0,23050.0,23590.0,23693.75,23805.0,24183.333333333332,25751.11111111111,27204.166666666668,29220.0
2018-08-09,23200.0,22850.0,23100.0,23050.0,153983.0,23050.0,23430.0,23562.5,23695.0,24105.0,25576.666666666668,27043.333333333332,29152.083333333332
2018-08-10,23300.0,22900.0,23100.0,23050.0,166225.0,23050.0,23260.0,23456.25,23565.0,24030.0,25433.333333333332,26899.166666666668,29087.5
2018-08-13,22900.0,22200.0,22600.0,22250.0,291856.0,22250.0,22980.0,23287.5,23380.0,23981.666666666668,25273.333333333332,26724.166666666668,29009.166666666668
2018-08-14,22350.0,21300.0,22200.0,21600.0,274603.0,21600.0,22600.0,23006.25,23150.0,23943.333333333332,25084.444444444445,26542.5,28921.666666666668
2018-08-16,22100.0,20350.0,21250.0,21700.0,1079038.0,21700.0,22330.0,22731.25,22960.0,23911.666666666668,24862.222222222223,26367.5,28835.833333333332
2018-08-17,26900.0,22200.0,22400.0,23050.0,5307167.0,23050.0,22330.0,22656.25,22880.0,23880.0,24667.777777777777,26223.333333333332,28761.666666666668
2018-08-20,23250.0,21650.0,23000.0,21650.0,1281694.0,21650.0,22050.0,22425.0,22655.0,23800.0,24482.222222222223,26065.0,28680.416666666668
2018-08-21,22000.0,21350.0,21700.0,21650.0,484160.0,21650.0,21930.0,22250.0,22455.0,23693.333333333332,24304.444444444445,25905.0,28600.833333333332
2018-08-22,22150.0,21600.0,21650.0,21650.0,386026.0,21650.0,21940.0,22075.0,22270.0,23546.666666666668,24148.88888888889,25750.0,28533.333333333332
2018-08-23,21800.0,20800.0,21600.0,20950.0,550289.0,20950.0,21790.0,21812.5,22060.0,23386.666666666668,23952.222222222223,25570.0,28454.583333333332
2018-08-24,21600.0,20900.0,21000.0,21300.0,268418.0,21300.0,21440.0,21693.75,21885.0,23233.333333333332,23798.88888888889,25397.5,28379.583333333332
2018-08-27,21500.0,21000.0,21350.0,21100.0,256526.0,21100.0,21330.0,21631.25,21690.0,23085.0,23674.444444444445,25235.833333333332,28295.416666666668
2018-08-28,21900.0,21050.0,21100.0,21850.0,435295.0,21850.0,21370.0,21650.0,21650.0,22995.0,23580.0,25096.666666666668,28218.333333333332
2018-08-29,22150.0,21800.0,22000.0,21850.0,228143.0,21850.0,21410.0,21500.0,21675.0,22900.0,23484.444444444445,24945.0,28135.416666666668
2018-08-30,21850.0,21250.0,21850.0,21350.0,257872.0,21350.0,21490.0,21462.5,21640.0,22783.333333333332,23412.222222222223,24780.833333333332,28050.833333333332
2018-08-31,21500.0,21200.0,21300.0,21350.0,131334.0,21350.0,21500.0,21425.0,21470.0,22683.333333333332,23322.222222222223,24621.666666666668,27966.25
2018-09-03,21500.0,21000.0,21300.0,21100.0,181781.0,21100.0,21500.0,21356.25,21415.0,22596.666666666668,23228.88888888889,24481.666666666668,27877.916666666668
2018-09-04,21150.0,20900.0,21100.0,21000.0,177296.0,21000.0,21330.0,21362.5,21350.0,22520.0,23168.88888888889,24340.833333333332,27795.0
2018-09-05,21150.0,20600.0,21050.0,20650.0,229835.0,20650.0,21090.0,21281.25,21250.0,22441.666666666668,23122.222222222223,24183.333333333332,27711.25
2018-09-06,20750.0,20350.0,20600.0,20550.0,240729.0,20550.0,20930.0,21212.5,21210.0,22358.333333333332,23075.555555555555,23997.5,27629.166666666668
2018-09-07,20500.0,20250.0,20400.0,20500.0,201084.0,20500.0,20760.0,21043.75,21130.0,22236.666666666668,22997.777777777777,23809.166666666668,27544.166666666668
2018-09-10,20450.0,20000.0,20350.0,20050.0,275352.0,20050.0,20550.0,20818.75,21025.0,22093.333333333332,22908.88888888889,23643.333333333332,27454.583333333332
2018-09-11,20500.0,19900.0,19950.0,20300.0,231359.0,20300.0,20410.0,20687.5,20870.0,21966.666666666668,22807.777777777777,23487.5,27367.916666666668
2018-09-12,20550.0,20100.0,20300.0,20200.0,287542.0,20200.0,20320.0,20543.75,20705.0,21843.333333333332,22677.777777777777,23346.666666666668,27282.916666666668
2018-09-13,20650.0,20100.0,20100.0,20550.0,214183.0,20550.0,20320.0,20475.0,20625.0,21741.666666666668,22562.222222222223,23192.5,27207.083333333332
2018-09-14,22050.0,20650.0,20650.0,21800.0,830814.0,21800.0,20580.0,20575.0,20670.0,21673.333333333332,22471.11111111111,23085.833333333332,27138.75
2018-09-17,22050.0,21400.0,22000.0,21550.0,217660.0,21550.0,20880.0,20687.5,20715.0,21595.0,22382.222222222223,23000.0,27073.75
2018-09-18,21700.0,21200.0,21550.0,21350.0,171363.0,21350.0,21090.0,20787.5,20750.0,21518.333333333332,22311.11111111111,22920.833333333332,27009.166666666668
2018-09-19,21600.0,20950.0,21600.0,21400.0,201978.0,21400.0,21330.0,20900.0,20825.0,21448.333333333332,22237.777777777777,22841.666666666668,26945.833333333332
2018-09-20,21600.0,21000.0,21400.0,21050.0,164456.0,21050.0,21430.0,21025.0,20875.0,21381.666666666668,22153.333333333332,22782.5,26877.5
2018-09-21,21350.0,20800.0,21000.0,21200.0,206684.0,21200.0,21310.0,21137.5,20945.0,21320.0,22083.333333333332,22712.5,26801.666666666668
2018-09-27,21200.0,20700.0,21100.0,20800.0,221676.0,20800.0,21160.0,21212.5,21020.0,21245.0,22018.88888888889,22637.5,26715.416666666668
2018-09-28,21700.0,20800.0,20800.0,21650.0,369089.0,21650.0,21220.0,21350.0,21155.0,21225.0,21982.222222222223,22603.333333333332,26631.25
2018-10-01,21750.0,21350.0,21600.0,21550.0,280326.0,21550.0,21250.0,21318.75,21290.0,21223.333333333332,21950.0,22583.333333333332,26531.666666666668
2018-10-02,21550.0,20800.0,21550.0,20850.0,285521.0,20850.0,21210.0,21231.25,21320.0,21195.0,21901.11111111111,22553.333333333332,26427.083333333332
2018-10-04,20900.0,20100.0,20700.0,20150.0,309965.0,20150.0,21000.0,21081.25,21155.0,21098.333333333332,21812.222222222223,22489.166666666668,26322.916666666668
2018-10-05,20550.0,19950.0,20050.0,20300.0,135103.0,20300.0,20900.0,20943.75,21030.0,21053.333333333332,21722.222222222223,22426.666666666668,26222.083333333332
2018-10-08,20650.0,19900.0,20150.0,20250.0,92942.0,20250.0,20620.0,20843.75,20920.0,21006.666666666668,21636.666666666668,22350.0,26111.666666666668
2018-10-10,20400.0,19350.0,20100.0,19450.0,279810.0,19450.0,20200.0,20625.0,20725.0,20933.333333333332,21537.777777777777,22240.0,25992.083333333332
2018-10-11,18950.0,18250.0,18600.0,18550.0,269696.0,18550.0,19740.0,20343.75,20475.0,20853.333333333332,21425.555555555555,22120.0,25875.416666666668
2018-10-12,19000.0,18250.0,18250.0,18650.0,176716.0,18650.0,19440.0,19968.75,20220.0,20765.0,21310.0,21999.166666666668,25770.416666666668
2018-10-15,18750.0,18300.0,18700.0,18450.0,163919.0,18450.0,19070.0,19581.25,19985.0,20676.666666666668,21188.88888888889,21880.833333333332,25665.416666666668
2018-10-16,18900.0,18300.0,18400.0,18550.0,135863.0,18550.0,18730.0,19293.75,19675.0,20566.666666666668,21075.555555555555,21780.833333333332,25567.083333333332
2018-10-17,18950.0,18450.0,18750.0,18600.0,85739.0,18600.0,18560.0,19100.0,19380.0,20458.333333333332,20966.666666666668,21679.166666666668,25466.25
2018-10-18,19050.0,18550.0,18650.0,18900.0,111002.0,18900.0,18630.0,18925.0,19185.0,20376.666666666668,20874.444444444445,21580.0,25357.083333333332
2018-10-19,19900.0,18600.0,18850.0,19700.0,251185.0,19700.0,18840.0,18856.25,19140.0,20321.666666666668,20800.0,21502.5,25266.25
2018-10-22,20000.0,19350.0,19650.0,19650.0,83799.0,19650.0,19080.0,18881.25,19075.0,20273.333333333332,20724.444444444445,21435.0,25175.416666666668
2018-10-23,19750.0,19100.0,19750.0,19100.0,105950.0,19100.0,19190.0,18950.0,18960.0,20210.0,20654.444444444445,21365.0,25078.333333333332
2018-10-24,19650.0,18800.0,19400.0,18950.0,130097.0,18950.0,19260.0,18987.5,18910.0,20153.333333333332,20595.555555555555,21297.5,24983.333333333332
2018-10-25,18650.0,18100.0,18350.0,18200.0,201814.0,18200.0,19120.0,18956.25,18875.0,20075.0,20517.777777777777,21216.666666666668,24872.5
2018-10-26,18500.0,17100.0,18350.0,17750.0,210130.0,17750.0,18730.0,18856.25,18785.0,19983.333333333332,20400.0,21110.0,24758.333333333332
2018-10-29,17750.0,16900.0,17500.0,17000.0,236327.0,17000.0,18200.0,18656.25,18640.0,19881.666666666668,20296.666666666668,20987.5,24635.416666666668
2018-10-30,17450.0,16500.0,16500.0,17350.0,147629.0,17350.0,17850.0,18462.5,18520.0,19783.333333333332,20201.11111111111,20875.0,24514.583333333332
2018-10-31,18350.0,17200.0,17350.0,17900.0,156095.0,17900.0,17640.0,18237.5,18450.0,19706.666666666668,20117.777777777777,20775.0,24399.166666666668
2018-11-01,18400.0,17900.0,17900.0,18200.0,91111.0,18200.0,17640.0,18056.25,18380.0,19628.333333333332,20056.666666666668,20685.0,24284.166666666668
2018-11-02,19550.0,18350.0,18600.0,19450.0,223168.0,19450.0,17980.0,18100.0,18355.0,19550.0,20015.555555555555,20611.666666666668,24178.333333333332
2018-11-05,19550.0,19000.0,19450.0,19450.0,87587.0,19450.0,18470.0,18162.5,18335.0,19480.0,19978.88888888889,20537.5,24072.916666666668
2018-11-06,20250.0,19450.0,19450.0,20000.0,149125.0,20000.0,19000.0,18387.5,18425.0,19435.0,19937.777777777777,20476.666666666668,23982.916666666668
2018-11-07,20650.0,19800.0,20200.0,20250.0,284514.0,20250.0,19470.0,18700.0,18555.0,19396.666666666668,19902.222222222223,20422.5,23895.833333333332
2018-11-08,20950.0,20000.0,20600.0,20100.0,104231.0,20100.0,19850.0,19087.5,18745.0,19365.0,19874.444444444445,20373.333333333332,23788.75
2018-11-09,20450.0,19800.0,20050.0,20350.0,126465.0,20350.0,20030.0,19462.5,19005.0,19336.666666666668,19852.222222222223,20328.333333333332,23685.833333333332
2018-11-12,20350.0,19850.0,20350.0,20000.0,90236.0,20000.0,20140.0,19725.0,19305.0,19310.0,19827.777777777777,20277.5,23588.333333333332
2018-11-13,20350.0,19200.0,19600.0,20350.0,108314.0,20350.0,20210.0,19993.75,19605.0,19266.666666666668,19813.333333333332,20245.833333333332,23485.0
2018-11-14,21250.0,20850.0,21050.0,20950.0,520299.0,20950.0,20350.0,20181.25,19910.0,19246.666666666668,19820.0,20235.0,23388.75
2018-11-16,22150.0,21450.0,21900.0,21800.0,336446.0,21800.0,20690.0,20475.0,20270.0,19278.333333333332,19847.777777777777,20236.666666666668,23302.083333333332
2018-11-19,22000.0,20550.0,22000.0,20850.0,367016.0,20850.0,20790.0,20581.25,20410.0,19301.666666666668,19855.555555555555,20200.0,23211.666666666668
2018-11-20,21300.0,20350.0,20450.0,21050.0,148848.0,21050.0,21000.0,20681.25,20570.0,19326.666666666668,19877.777777777777,20190.0,23127.5
2018-11-21,21600.0,20950.0,21550.0,21050.0,161188.0,21050.0,21140.0,20800.0,20675.0,19353.333333333332,19894.444444444445,20180.0,23042.5
2018-11-22,21000.0,20250.0,20950.0,20400.0,151605.0,20400.0,21030.0,20806.25,20690.0,19385.0,19898.88888888889,20159.166666666668,22954.583333333332
2018-11-23,21100.0,20150.0,20300.0,20900.0,135121.0,20900.0,20850.0,20918.75,20770.0,19463.333333333332,19906.666666666668,20158.333333333332,22864.166666666668
2018-11-26,21800.0,21100.0,21350.0,21200.0,219262.0,21200.0,20920.0,21025.0,20855.0,19548.333333333332,19893.333333333332,20156.666666666668,22777.083333333332
2018-11-27,21350.0,20850.0,21250.0,21250.0,141681.0,21250.0,20960.0,21062.5,20980.0,19641.666666666668,19886.666666666668,20159.166666666668,22697.5
2018-11-28,21300.0,20800.0,21300.0,21100.0,94413.0,21100.0,20970.0,20975.0,21055.0,19726.666666666668,19881.11111111111,20146.666666666668,22621.666666666668
2018-11-29,21400.0,20900.0,21300.0,21100.0,175173.0,21100.0,21110.0,21006.25,21070.0,19810.0,19874.444444444445,20134.166666666668,22539.583333333332
2018-11-30,21250.0,20550.0,21000.0,20800.0,109944.0,20800.0,21090.0,20975.0,20970.0,19873.333333333332,19868.88888888889,20125.0,22452.916666666668
2018-12-03,21000.0,20650.0,20850.0,20800.0,105520.0,20800.0,21010.0,20943.75,20965.0,19910.0,19860.0,20115.833333333332,22368.75
2018-12-04,20800.0,20050.0,20800.0,20150.0,183515.0,20150.0,20790.0,20912.5,20875.0,19926.666666666668,19845.555555555555,20100.0,22290.833333333332
2018-12-05,20000.0,19700.0,20000.0,19750.0,150506.0,19750.0,20520.0,20768.75,20745.0,19948.333333333332,19803.333333333332,20079.166666666668,22210.0
2018-12-06,19750.0,19100.0,19750.0,19250.0,116427.0,19250.0,20150.0,20525.0,20630.0,19958.333333333332,19752.222222222223,20055.833333333332,22119.583333333332
2018-12-07,19700.0,19200.0,19300.0,19450.0,68445.0,19450.0,19880.0,20300.0,20485.0,20000.0,19721.11111111111,20037.5,22017.5
2018-12-10,19300.0,18600.0,19300.0,18750.0,115330.0,18750.0,19470.0,20006.25,20240.0,20033.333333333332,19690.0,20008.333333333332,21908.75
2018-12-11,19000.0,18200.0,19000.0,18500.0,146127.0,18500.0,19140.0,19681.25,19965.0,20083.333333333332,19650.0,19982.5,21812.916666666668
2018-12-12,18750.0,18200.0,18200.0,18750.0,105114.0,18750.0,18940.0,19425.0,19730.0,20130.0,19616.666666666668,19956.666666666668,21722.083333333332
2018-12-13,19300.0,18700.0,18850.0,19300.0,93350.0,19300.0,18950.0,19237.5,19550.0,20176.666666666668,19613.333333333332,19941.666666666668,21644.166666666668
2018-12-14,19300.0,18850.0,19300.0,19000.0,64880.0,19000.0,18860.0,19093.75,19370.0,20203.333333333332,19623.333333333332,19915.833333333332,21554.166666666668
2018-12-17,19100.0,18900.0,19100.0,19050.0,55060.0,19050.0,18920.0,19006.25,19195.0,20190.0,19632.222222222223,19870.0,21477.916666666668
2018-12-18,19100.0,18650.0,19050.0,19000.0,82696.0,19000.0,19020.0,18975.0,19080.0,20175.0,19644.444444444445,19827.5,21413.75
2018-12-19,19600.0,19150.0,19150.0,19550.0,99241.0,19550.0,19180.0,18987.5,19060.0,20160.0,19666.666666666668,19797.5,21359.166666666668
2018-12-20,19550.0,19100.0,19400.0,19350.0,96067.0,19350.0,19190.0,19062.5,19070.0,20130.0,19683.333333333332,19763.333333333332,21302.5
2018-12-21,19400.0,18950.0,19350.0,19400.0,78716.0,19400.0,19270.0,19175.0,19065.0,20106.666666666668,19694.444444444445,19735.833333333332,21259.166666666668
2018-12-24,19350.0,18900.0,19350.0,18950.0,62448.0,18950.0,19250.0,19200.0,19085.0,20060.0,19677.777777777777,19698.333333333332,21205.416666666668
2018-12-26,18900.0,18500.0,18700.0,18500.0,122679.0,18500.0,19150.0,19100.0,19085.0,20010.0,19652.222222222223,19660.0,21148.75
2018-12-27,18750.0,17850.0,18650.0,18750.0,109703.0,18750.0,18990.0,19068.75,19085.0,19956.666666666668,19644.444444444445,19611.666666666668,21107.5
2018-12-28,19350.0,18500.0,18900.0,19250.0,97181.0,19250.0,18970.0,19093.75,19080.0,19900.0,19651.11111111111,19573.333333333332,21078.333333333332
2019-01-02,19400.0,18850.0,19350.0,19000.0,43086.0,19000.0,18890.0,19093.75,19080.0,19806.666666666668,19668.88888888889,19542.5,21047.916666666668
2019-01-03,19050.0,18500.0,18950.0,18550.0,79709.0,18550.0,18810.0,18968.75,19030.0,19730.0,19686.666666666668,19515.833333333332,21002.5
2019-01-04,18300.0,17900.0,18200.0,18200.0,132294.0,18200.0,18750.0,18825.0,18950.0,19635.0,19713.333333333332,19480.833333333332,20953.75
2019-01-07,18300.0,18050.0,18250.0,18250.0,150466.0,18250.0,18650.0,18681.25,18820.0,19541.666666666668,19733.333333333332,19447.5,20898.75
2019-01-08,18400.0,18100.0,18200.0,18200.0,77004.0,18200.0,18440.0,18587.5,18705.0,19468.333333333332,19740.0,19426.666666666668,20833.333333333332
2019-01-09,18800.0,18250.0,18250.0,18650.0,108150.0,18650.0,18370.0,18606.25,18630.0,19393.333333333332,19750.0,19428.333333333332,20774.166666666668
2019-01-10,18950.0,18400.0,18900.0,18850.0,60873.0,18850.0,18430.0,18618.75,18620.0,19315.0,19736.666666666668,19431.666666666668,20715.416666666668
2019-01-11,18850.0,18650.0,18850.0,18750.0,50689.0,18750.0,18540.0,18556.25,18645.0,19231.666666666668,19721.11111111111,19436.666666666668,20658.75
2019-01-14,18900.0,18550.0,18750.0,18750.0,39101.0,18750.0,18640.0,18525.0,18645.0,19153.333333333332,19693.333333333332,19440.0,20610.416666666668
2019-01-15,18850.0,18600.0,18750.0,18850.0,60079.0,18850.0,18770.0,18562.5,18605.0,19078.333333333332,19662.222222222223,19444.166666666668,20561.666666666668
2019-01-16,18800.0,18550.0,18800.0,18600.0,75334.0,18600.0,18760.0,18612.5,18565.0,19005.0,19628.88888888889,19439.166666666668,20509.583333333332
2019-01-17,18750.0,18400.0,18600.0,18550.0,88003.0,18550.0,18700.0,18650.0,18565.0,18930.0,19588.88888888889,19420.0,20461.25
2019-01-18,18550.0,18150.0,18450.0,18450.0,104470.0,18450.0,18640.0,18681.25,18590.0,18873.333333333332,19554.444444444445,19400.0,20417.5
2019-01-21,18550.0,18150.0,18550.0,18300.0,66869.0,18300.0,18550.0,18637.5,18595.0,18825.0,19508.88888888889,19386.666666666668,20375.833333333332
2019-01-22,18350.0,18050.0,18300.0,18100.0,66335.0,18100.0,18400.0,18543.75,18585.0,18786.666666666668,19445.555555555555,19372.5,20335.0
2019-01-23,18500.0,18000.0,18100.0,18450.0,58920.0,18450.0,18370.0,18506.25,18565.0,18753.333333333332,19371.11111111111,19376.666666666668,20296.666666666668
2019-01-24,19100.0,18500.0,18750.0,19050.0,169068.0,19050.0,18470.0,18543.75,18585.0,18763.333333333332,19331.11111111111,19398.333333333332,20254.166666666668
2019-01-25,19200.0,18750.0,19200.0,18900.0,81693.0,18900.0,18560.0,18550.0,18600.0,18776.666666666668,19283.333333333332,19430.0,20208.75
2019-01-28,18950.0,18700.0,18900.0,18800.0,77730.0,18800.0,18660.0,18575.0,18605.0,18778.333333333332,19233.333333333332,19454.166666666668,20164.583333333332
2019-01-29,19200.0,18350.0,18500.0,19150.0,223496.0,19150.0,18870.0,18650.0,18635.0,18773.333333333332,19205.555555555555,19475.0,20125.0
2019-01-30,20900.0,19100.0,19150.0,20850.0,624727.0,20850.0,19350.0,18950.0,18860.0,18835.0,19204.444444444445,19519.166666666668,20102.083333333332
2019-01-31,21000.0,20300.0,20800.0,20900.0,253170.0,20900.0,19720.0,19275.0,19095.0,18896.666666666668,19197.777777777777,19543.333333333332,20077.5
2019-02-01,20850.0,20200.0,20600.0,20500.0,175375.0,20500.0,20040.0,19575.0,19300.0,18946.666666666668,19181.11111111111,19560.833333333332,20049.166666666668
2019-02-07,20600.0,20100.0,20350.0,20600.0,98228.0,20600.0,20400.0,19843.75,19530.0,18981.666666666668,19170.0,19570.833333333332,20023.75
2019-02-08,20600.0,20250.0,20250.0,20500.0,111227.0,20500.0,20670.0,20025.0,19770.0,19020.0,19156.666666666668,19575.0,19998.75
2019-02-11,20700.0,20300.0,20450.0,20550.0,75049.0,20550.0,20610.0,20231.25,19980.0,19058.333333333332,19151.11111111111,19582.5,19977.916666666668
2019-02-12,20900.0,20250.0,20550.0,20850.0,120971.0,20850.0,20600.0,20487.5,20160.0,19121.666666666668,19152.222222222223,19590.833333333332,19959.583333333332
2019-02-13,21500.0,20750.0,20900.0,20850.0,238545.0,20850.0,20670.0,20700.0,20355.0,19200.0,19167.777777777777,19605.0,19941.25
2019-02-14,21150.0,20550.0,21000.0,21000.0,99457.0,21000.0,20750.0,20718.75,20575.0,19275.0,19195.555555555555,19615.833333333332,19930.833333333332
2019-02-15,21200.0,20550.0,21000.0,20650.0,56940.0,20650.0,20780.0,20687.5,20725.0,19321.666666666668,19226.666666666668,19610.833333333332,19922.916666666668
2019-02-18,20850.0,20300.0,20700.0,20500.0,73992.0,20500.0,20770.0,20687.5,20690.0,19371.666666666668,19250.0,19589.166666666668,19912.916666666668
2019-02-19,21000.0,20300.0,20300.0,20900.0,102044.0,20900.0,20780.0,20725.0,20690.0,19450.0,19297.777777777777,19590.0,19895.0
2019-02-20,21000.0,20650.0,20950.0,20700.0,71653.0,20700.0,20750.0,20750.0,20710.0,19533.333333333332,19346.666666666668,19584.166666666668,19887.083333333332
2019-02-21,21600.0,20650.0,20900.0,21500.0,264857.0,21500.0,20850.0,20868.75,20800.0,19641.666666666668,19407.777777777777,19591.666666666668,19885.833333333332
2019-02-22,21600.0,21150.0,21500.0,21500.0,103557.0,21500.0,21020.0,20950.0,20900.0,19751.666666666668,19456.666666666668,19610.0,19884.583333333332
2019-02-25,21800.0,21250.0,21500.0,21700.0,124523.0,21700.0,21260.0,21056.25,21015.0,19853.333333333332,19516.666666666668,19623.333333333332,19890.833333333332
2019-02-26,22150.0,21450.0,21700.0,21900.0,230894.0,21900.0,21460.0,21168.75,21120.0,19955.0,19580.0,19635.0,19895.833333333332
2019-02-27,22100.0,21450.0,22100.0,21800.0,111066.0,21800.0,21680.0,21312.5,21215.0,20056.666666666668,19642.222222222223,19644.166666666668,19901.666666666668
2019-02-28,21800.0,21000.0,21500.0,21300.0,164528.0,21300.0,21640.0,21412.5,21245.0,20141.666666666668,19681.11111111111,19647.5,19897.083333333332
2019-03-04,21950.0,21300.0,21450.0,21600.0,127624.0,21600.0,21660.0,21500.0,21340.0,20233.333333333332,19731.11111111111,19655.833333333332,19895.0
2019-03-05,21550.0,20650.0,21450.0,20750.0,111788.0,20750.0,21470.0,21506.25,21365.0,20305.0,19761.11111111111,19655.0,19890.0
2019-03-06,21000.0,20050.0,20800.0,20700.0,121254.0,20700.0,21230.0,21406.25,21345.0,20376.666666666668,19800.0,19653.333333333332,19884.583333333332
2019-03-07,22150.0,20700.0,20700.0,21850.0,677270.0,21850.0,21240.0,21450.0,21460.0,20490.0,19874.444444444445,19681.666666666668,19890.833333333332
2019-03-08,22500.0,21750.0,21950.0,22300.0,460661.0,22300.0,21440.0,21525.0,21540.0,20623.333333333332,19953.333333333332,19724.166666666668,19901.666666666668
2019-03-11,22750.0,21450.0,22200.0,22200.0,268601.0,22200.0,21560.0,21562.5,21610.0,20760.0,20018.88888888889,19773.333333333332,19914.583333333332
2019-03-12,22500.0,21900.0,22000.0,22500.0,204528.0,22500.0,21910.0,21650.0,21690.0,20895.0,20096.666666666668,19824.166666666668,19930.833333333332
2019-03-13,22550.0,21900.0,22500.0,22550.0,176977.0,22550.0,22280.0,21806.25,21755.0,21011.666666666668,20185.555555555555,19887.5,19947.916666666668
2019-03-14,23150.0,22300.0,22600.0,23150.0,267577.0,23150.0,22540.0,22000.0,21890.0,21153.333333333332,20295.555555555555,19965.0,19973.75
2019-03-15,23250.0,22450.0,23250.0,22550.0,162178.0,22550.0,22590.0,22225.0,22015.0,21278.333333333332,20391.11111111111,20028.333333333332,19992.5
2019-03-18,23450.0,22650.0,22950.0,23300.0,271692.0,23300.0,22810.0,22550.0,22185.0,21416.666666666668,20504.444444444445,20095.0,20018.333333333332
2019-03-19,23750.0,23250.0,23500.0,23600.0,178808.0,23600.0,23030.0,22768.75,22470.0,21508.333333333332,20614.444444444445,20171.666666666668,20043.75
2019-03-20,23550.0,22800.0,23400.0,23450.0,198486.0,23450.0,23210.0,22912.5,22745.0,21593.333333333332,20716.666666666668,20245.0,20057.5
2019-03-21,23450.0,22000.0,23450.0,22650.0,270433.0,22650.0,23110.0,22968.75,22825.0,21665.0,20803.333333333332,20305.833333333332,20066.666666666668
2019-03-22,22900.0,21950.0,22500.0,22850.0,120096.0,22850.0,23170.0,23012.5,22880.0,21740.0,20894.444444444445,20360.833333333332,20079.166666666668
2019-03-25,22750.0,22100.0,22400.0,22200.0,65253.0,22200.0,22950.0,22968.75,22880.0,21796.666666666668,20968.88888888889,20408.333333333332,20085.833333333332
2019-03-26,22400.0,21900.0,21900.0,22100.0,100741.0,22100.0,22650.0,22837.5,22840.0,21848.333333333332,21046.666666666668,20453.333333333332,20094.583333333332
2019-03-27,22900.0,21850.0,22100.0,22200.0,196992.0,22200.0,22400.0,22793.75,22805.0,21893.333333333332,21127.777777777777,20507.5,20102.916666666668
2019-03-28,22800.0,22050.0,22300.0,22500.0,127647.0,22500.0,22370.0,22693.75,22740.0,21948.333333333332,21217.777777777777,20574.166666666668,20117.083333333332
2019-03-29,23300.0,22600.0,22600.0,23100.0,200868.0,23100.0,22420.0,22631.25,22795.0,22018.333333333332,21324.444444444445,20646.666666666668,20129.166666666668
2019-04-01,23850.0,23350.0,23650.0,23850.0,179532.0,23850.0,22750.0,22681.25,22850.0,22125.0,21452.222222222223,20723.333333333332,20148.333333333332
2019-04-02,23900.0,23250.0,23900.0,23250.0,134664.0,23250.0,22980.0,22756.25,22815.0,22216.666666666668,21558.88888888889,20794.166666666668,20168.333333333332
2019-04-03,23450.0,22900.0,23350.0,23050.0,111918.0,23050.0,23150.0,22781.25,22775.0,22288.333333333332,21647.777777777777,20869.166666666668,20192.5
2019-04-04,23500.0,23050.0,23200.0,23350.0,100035.0,23350.0,23320.0,22925.0,22845.0,22376.666666666668,21746.666666666668,20955.0,20217.916666666668
2019-04-05,23700.0,23150.0,23350.0,23550.0,97392.0,23550.0,23410.0,23106.25,22915.0,22445.0,21852.222222222223,21043.333333333332,20245.416666666668
2019-04-08,25100.0,23800.0,24100.0,24350.0,633846.0,24350.0,23510.0,23375.0,23130.0,22540.0,21967.777777777777,21145.833333333332,20286.25
2019-04-09,24800.0,23600.0,24450.0,23600.0,353890.0,23600.0,23580.0,23512.5,23280.0,22603.333333333332,22028.88888888889,21228.333333333332,20328.333333333332
2019-04-10,25100.0,23400.0,23600.0,24750.0,567503.0,24750.0,23920.0,23718.75,23535.0,22698.333333333332,22114.444444444445,21326.666666666668,20379.166666666668
2019-04-11,25200.0,24700.0,25200.0,24950.0,295112.0,24950.0,24240.0,23856.25,23780.0,22803.333333333332,22213.333333333332,21430.0,20433.333333333332
2019-04-12,26450.0,24550.0,24950.0,26250.0,590842.0,26250.0,24780.0,24231.25,24095.0,22968.333333333332,22338.88888888889,21555.0,20497.5
2019-04-15,31250.0,26250.0,27400.0,29000.0,5184355.0,29000.0,25710.0,24975.0,24610.0,23215.0,22527.777777777777,21724.166666666668,20584.166666666668
2019-04-16,29000.0,25550.0,28050.0,26000.0,1878786.0,26000.0,26190.0,25306.25,24885.0,23390.0,22648.88888888889,21847.5,20643.333333333332
2019-04-17,27000.0,25600.0,26350.0,25700.0,652631.0,25700.0,26380.0,25575.0,25150.0,23556.666666666668,22756.666666666668,21966.666666666668,20693.333333333332
2019-04-18,26750.0,25500.0,25500.0,26000.0,418631.0,26000.0,26590.0,25781.25,25415.0,23695.0,22871.11111111111,22092.5,20746.25
2019-04-19,26100.0,24900.0,25850.0,25300.0,348843.0,25300.0,26400.0,25993.75,25590.0,23795.0,22966.666666666668,22209.166666666668,20797.916666666668
2019-04-22,25850.0,25100.0,25150.0,25350.0,149438.0,25350.0,25670.0,26068.75,25690.0,23900.0,23071.11111111111,22330.0,20851.25
2019-04-23,25300.0,23700.0,25150.0,24200.0,370255.0,24200.0,25310.0,25975.0,25750.0,23956.666666666668,23153.333333333332,22425.833333333332,20901.25
2019-04-24,24950.0,24200.0,24500.0,24400.0,200435.0,24400.0,25050.0,25743.75,25715.0,24018.333333333332,23231.11111111111,22515.0,20956.666666666668
2019-04-25,25400.0,24500.0,25000.0,24500.0,219084.0,24500.0,24750.0,25181.25,25670.0,24063.333333333332,23315.555555555555,22608.333333333332,21019.166666666668
2019-04-26,24900.0,24200.0,24200.0,24700.0,91746.0,24700.0,24630.0,25018.75,25515.0,24135.0,23386.666666666668,22706.666666666668,21080.416666666668
2019-04-29,25600.0,24400.0,24800.0,24500.0,261269.0,24500.0,24460.0,24868.75,25065.0,24175.0,23453.333333333332,22795.833333333332,21135.416666666668
2019-04-30,25150.0,24450.0,24550.0,24700.0,137614.0,24700.0,24560.0,24706.25,24935.0,24211.666666666668,23520.0,22860.0,21189.583333333332
2019-05-02,25800.0,24600.0,24700.0,25600.0,176279.0,25600.0,24800.0,24743.75,24925.0,24283.333333333332,23602.222222222223,22938.333333333332,21240.833333333332
2019-05-03,25450.0,24650.0,25100.0,25150.0,202865.0,25150.0,24930.0,24718.75,24840.0,24366.666666666668,23676.666666666668,23015.833333333332,21288.333333333332
2019-05-07,25450.0,24700.0,24700.0,25350.0,118172.0,25350.0,25060.0,24862.5,24845.0,24450.0,23766.666666666668,23095.0,21332.916666666668
2019-05-08,25400.0,24700.0,25350.0,24900.0,129573.0,24900.0,25140.0,24925.0,24800.0,24540.0,23840.0,23168.333333333332,21371.666666666668
2019-05-09,25900.0,24600.0,24900.0,24650.0,238994.0,24650.0,25130.0,24943.75,24845.0,24625.0,23926.666666666668,23236.666666666668,21409.583333333332
2019-05-10,24900.0,23400.0,24450.0,24300.0,265131.0,24300.0,24870.0,24893.75,24835.0,24695.0,24006.666666666668,23294.166666666668,21442.5
2019-05-13,24250.0,23600.0,24100.0,23900.0,67633.0,23900.0,24620.0,24818.75,24775.0,24741.666666666668,24052.222222222223,23345.0,21475.0
2019-05-14,24700.0,23050.0,23500.0,24600.0,203449.0,24600.0,24470.0,24806.25,24765.0,24791.666666666668,24103.333333333332,23405.0,21510.416666666668
2019-05-15,24500.0,23850.0,24400.0,24150.0,163843.0,24150.0,24320.0,24625.0,24730.0,24801.666666666668,24146.666666666668,23463.333333333332,21537.083333333332
2019-05-16,24350.0,22300.0,24100.0,22400.0,305319.0,22400.0,23870.0,24281.25,24500.0,24773.333333333332,24144.444444444445,23495.0,21542.083333333332
2019-05-17,22600.0,21600.0,22350.0,22150.0,335358.0,22150.0,23440.0,23881.25,24155.0,24743.333333333332,24135.555555555555,23515.833333333332,21552.916666666668
2019-05-20,22150.0,20500.0,21850.0,20550.0,478397.0,20550.0,22770.0,23337.5,23695.0,24650.0,24077.777777777777,23513.333333333332,21548.75
2019-05-21,20700.0,19800.0,20550.0,20350.0,353455.0,20350.0,21920.0,22800.0,23195.0,24543.333333333332,24028.88888888889,23494.166666666668,21542.916666666668
2019-05-22,20550.0,19900.0,20350.0,20000.0,203218.0,20000.0,21090.0,22262.5,22705.0,24398.333333333332,23955.555555555555,23469.166666666668,21539.583333333332
2019-05-23,20300.0,19800.0,20000.0,19950.0,65455.0,19950.0,20600.0,21768.75,22235.0,24276.666666666668,23874.444444444445,23440.0,21531.666666666668
2019-05-24,21050.0,19850.0,20250.0,20100.0,249078.0,20100.0,20190.0,21206.25,21815.0,24121.666666666668,23800.0,23410.0,21522.5
2019-05-27,20600.0,20050.0,20100.0,20300.0,55408.0,20300.0,20140.0,20725.0,21455.0,23966.666666666668,23747.777777777777,23385.0,21514.583333333332
2019-05-28,20600.0,20300.0,20300.0,20450.0,64716.0,20450.0,20160.0,20481.25,21040.0,23773.333333333332,23694.444444444445,23370.833333333332,21509.166666666668
2019-05-29,20750.0,20050.0,20450.0,20050.0,79662.0,20050.0,20170.0,20218.75,20630.0,23475.0,23646.666666666668,23345.0,21500.416666666668
2019-05-30,20300.0,20000.0,20000.0,20050.0,59212.0,20050.0,20190.0,20156.25,20395.0,23276.666666666668,23601.11111111111,23333.333333333332,21494.166666666668
2019-05-31,20300.0,20000.0,20100.0,20050.0,82953.0,20050.0,20180.0,20118.75,20185.0,23088.333333333332,23553.333333333332,23322.5,21487.916666666668
2019-06-03,20250.0,20000.0,20050.0,20150.0,46598.0,20150.0,20150.0,20137.5,20145.0,22893.333333333332,23501.11111111111,23294.166666666668,21487.916666666668
2019-06-04,20600.0,20200.0,20200.0,20500.0,78355.0,20500.0,20160.0,20206.25,20160.0,22733.333333333332,23443.333333333332,23264.166666666668,21494.166666666668
2019-06-05,20900.0,20250.0,20600.0,20500.0,122172.0,20500.0,20250.0,20256.25,20210.0,22571.666666666668,23368.88888888889,23235.833333333332,21504.583333333332
2019-06-07,20750.0,20300.0,20300.0,20500.0,72050.0,20500.0,20340.0,20281.25,20265.0,22448.333333333332,23307.777777777777,23202.5,21513.333333333332
2019-06-10,20800.0,20050.0,20500.0,20300.0,196622.0,20300.0,20390.0,20262.5,20285.0,22311.666666666668,23246.666666666668,23165.0,21526.25
2019-06-11,23350.0,20100.0,20250.0,22300.0,894560.0,22300.0,20820.0,20543.75,20485.0,22238.333333333332,23223.333333333332,23150.833333333332,21557.916666666668
2019-06-12,24500.0,21650.0,22300.0,22400.0,738565.0,22400.0,21200.0,20837.5,20680.0,22161.666666666668,23197.777777777777,23148.333333333332,21588.333333333332
2019-06-13,23350.0,21750.0,22350.0,23250.0,355213.0,23250.0,21750.0,21237.5,21000.0,22120.0,23173.333333333332,23147.5,21621.25
2019-06-14,22800.0,21850.0,22550.0,22100.0,342317.0,22100.0,22070.0,21481.25,21205.0,22033.333333333332,23140.0,23122.5,21647.083333333332
2019-06-17,22000.0,21150.0,21750.0,21500.0,191857.0,21500.0,22310.0,21606.25,21350.0,21896.666666666668,23067.777777777777,23090.0,21667.5
2019-06-18,22700.0,21400.0,21450.0,21900.0,227708.0,21900.0,22230.0,21781.25,21525.0,21788.333333333332,23000.0,23077.5,21691.666666666668
2019-06-19,22400.0,22050.0,22400.0,22100.0,80212.0,22100.0,22170.0,21981.25,21685.0,21680.0,22907.777777777777,23065.0,21712.916666666668
2019-06-20,22650.0,22000.0,22250.0,22300.0,76279.0,22300.0,21980.0,22231.25,21865.0,21593.333333333332,22758.88888888889,23066.666666666668,21737.5
2019-06-21,22750.0,22000.0,22300.0,22350.0,113039.0,22350.0,22030.0,22237.5,22050.0,21516.666666666668,22677.777777777777,23070.833333333332,21762.083333333332
2019-06-24,22650.0,21900.0,22650.0,22450.0,44713.0,22450.0,22220.0,22243.75,22265.0,21455.0,22605.555555555555,23075.0,21791.25
2019-06-25,22450.0,21550.0,22200.0,21550.0,73272.0,21550.0,22150.0,22031.25,22190.0,21376.666666666668,22506.666666666668,23059.166666666668,21816.666666666668
2019-06-26,21650.0,20900.0,21450.0,20950.0,108447.0,20950.0,21920.0,21887.5,22045.0,21255.0,22410.0,23023.333333333332,21835.0
2019-06-27,21800.0,20900.0,21050.0,21300.0,59284.0,21300.0,21720.0,21862.5,21850.0,21160.0,22320.0,22980.833333333332,21852.083333333332
2019-06-28,21600.0,20750.0,21000.0,21100.0,68907.0,21100.0,21470.0,21762.5,21750.0,21116.666666666668,22251.11111111111,22945.0,21869.583333333332
2019-07-01,21500.0,20950.0,21200.0,21300.0,60685.0,21300.0,21240.0,21662.5,21730.0,21088.333333333332,22182.222222222223,22915.833333333332,21892.5
2019-07-02,21300.0,20550.0,21300.0,20700.0,98031.0,20700.0,21070.0,21462.5,21610.0,21093.333333333332,22097.777777777777,22871.666666666668,21913.333333333332
2019-07-03,21050.0,20550.0,20700.0,20600.0,103880.0,20600.0,21000.0,21243.75,21460.0,21101.666666666668,22006.666666666668,22822.5,21932.916666666668
2019-07-04,20600.0,19850.0,20400.0,19950.0,242219.0,19950.0,20730.0,20931.25,21225.0,21100.0,21905.555555555555,22749.166666666668,21947.5
2019-07-05,20250.0,19750.0,19800.0,19850.0,70569.0,19850.0,20480.0,20718.75,20975.0,21096.666666666668,21797.777777777777,22686.666666666668,21957.5
2019-07-08,19700.0,18750.0,19500.0,18850.0,164873.0,18850.0,19990.0,20456.25,20615.0,21055.0,21647.777777777777,22588.333333333332,21957.5
2019-07-09,19100.0,18400.0,18400.0,18450.0,118810.0,18450.0,19540.0,20100.0,20305.0,20993.333333333332,21498.88888888889,22480.0,21955.0
2019-07-10,19150.0,18150.0,18150.0,18800.0,97061.0,18800.0,19180.0,19812.5,20090.0,20938.333333333332,21353.333333333332,22355.833333333332,21955.416666666668
2019-07-11,19000.0,18600.0,18600.0,18900.0,41921.0,18900.0,18970.0,19512.5,19850.0,20900.0,21220.0,22187.5,21955.833333333332
2019-07-12,18900.0,18100.0,18900.0,18200.0,169195.0,18200.0,18640.0,19200.0,19560.0,20838.333333333332,21076.666666666668,22057.5,21952.5
2019-07-15,18250.0,17250.0,18050.0,17400.0,237252.0,17400.0,18350.0,18800.0,19170.0,20750.0,20923.333333333332,21919.166666666668,21942.916666666668
2019-07-16,17800.0,17250.0,17250.0,17500.0,86137.0,17500.0,18160.0,18493.75,18850.0,20661.666666666668,20781.11111111111,21777.5,21935.0
2019-07-17,17600.0,17350.0,17400.0,17450.0,48486.0,17450.0,17890.0,18193.75,18535.0,20560.0,20622.222222222223,21646.666666666668,21927.916666666668
2019-07-18,17500.0,17000.0,17200.0,17050.0,104416.0,17050.0,17520.0,17968.75,18245.0,20445.0,20464.444444444445,21508.333333333332,21919.166666666668
2019-07-19,17400.0,16950.0,16950.0,17250.0,94024.0,17250.0,17330.0,17818.75,17985.0,20336.666666666668,20350.0,21392.5,21909.166666666668
2019-07-22,17450.0,17000.0,17100.0,17250.0,127657.0,17250.0,17300.0,17625.0,17825.0,20235.0,20241.11111111111,21273.333333333332,21894.166666666668
2019-07-23,17550.0,17100.0,17100.0,17250.0,47186.0,17250.0,17250.0,17418.75,17705.0,20066.666666666668,20167.777777777777,21152.5,21880.416666666668
2019-07-24,17400.0,17000.0,17400.0,17000.0,62338.0,17000.0,17160.0,17268.75,17525.0,19886.666666666668,20093.333333333332,21024.166666666668,21865.416666666668
2019-07-25,17200.0,16700.0,17050.0,16950.0,81281.0,16950.0,17140.0,17212.5,17330.0,19676.666666666668,20025.555555555555,20898.333333333332,21847.083333333332
2019-07-26,17000.0,16600.0,16800.0,16800.0,69637.0,16800.0,17050.0,17125.0,17190.0,19500.0,19955.555555555555,20766.666666666668,21813.333333333332
2019-07-29,16900.0,15350.0,16800.0,15400.0,174961.0,15400.0,16680.0,16868.75,16990.0,19296.666666666668,19851.11111111111,20596.666666666668,21767.5
2019-07-30,16300.0,15100.0,15100.0,15800.0,232348.0,15800.0,16390.0,16712.5,16820.0,19093.333333333332,19751.11111111111,20440.833333333332,21728.333333333332
2019-07-31,16000.0,14750.0,15600.0,15700.0,182148.0,15700.0,16130.0,16518.75,16645.0,18880.0,19645.555555555555,20280.0,21687.5
2019-08-01,16200.0,15600.0,15650.0,15750.0,58256.0,15750.0,15890.0,16331.25,16515.0,18661.666666666668,19550.0,20127.5,21647.916666666668
2019-08-02,15900.0,15350.0,15700.0,15550.0,106284.0,15550.0,15640.0,16118.75,16345.0,18435.0,19450.0,19975.833333333332,21606.25
2019-08-05,15500.0,14400.0,15400.0,14450.0,148191.0,14450.0,15450.0,15800.0,16065.0,18168.333333333332,19325.555555555555,19811.666666666668,21552.916666666668
2019-08-06,14550.0,13400.0,13700.0,13900.0,324594.0,13900.0,15070.0,15418.75,15730.0,17913.333333333332,19186.666666666668,19645.0,21495.0
2019-08-07,14100.0,13250.0,13650.0,13400.0,357440.0,13400.0,14610.0,14993.75,15370.0,17661.666666666668,19028.88888888889,19458.333333333332,21431.666666666668
2019-08-08,14450.0,13450.0,13650.0,14300.0,227066.0,14300.0,14320.0,14856.25,15105.0,17428.333333333332,18891.11111111111,19294.166666666668,21378.75
2019-08-09,14800.0,14300.0,14500.0,14450.0,209643.0,14450.0,14100.0,14687.5,14870.0,17206.666666666668,18756.666666666668,19161.666666666668,21328.333333333332
2019-08-12,15100.0,14300.0,14300.0,14600.0,123076.0,14600.0,14130.0,14550.0,14790.0,16983.333333333332,18630.0,19035.833333333332,21275.833333333332
2019-08-13,14850.0,14300.0,14650.0,14700.0,82704.0,14700.0,14290.0,14418.75,14680.0,16783.333333333332,18461.11111111111,18938.333333333332,21225.833333333332
2019-08-14,15300.0,14550.0,14750.0,14550.0,87426.0,14550.0,14520.0,14293.75,14565.0,16581.666666666668,18286.666666666668,18841.666666666668,21167.916666666668
2019-08-16,14450.0,13850.0,14400.0,13950.0,115923.0,13950.0,14450.0,14231.25,14385.0,16381.666666666666,18080.0,18740.833333333332,21105.0
2019-08-19,14750.0,13900.0,13900.0,14150.0,91458.0,14150.0,14390.0,14262.5,14245.0,16191.666666666666,17903.333333333332,18644.166666666668,21042.083333333332
2019-08-20,14750.0,14250.0,14250.0,14400.0,92703.0,14400.0,14350.0,14387.5,14240.0,16043.333333333334,17745.555555555555,18549.166666666668,20979.583333333332
2019-08-21,15200.0,14100.0,14350.0,14900.0,143151.0,14900.0,14390.0,14462.5,14340.0,15925.0,17590.0,18459.166666666668,20922.083333333332
2019-08-22,15200.0,14800.0,14850.0,14850.0,89871.0,14850.0,14450.0,14512.5,14485.0,15793.333333333334,17428.88888888889,18365.833333333332,20868.333333333332
2019-08-23,14950.0,14450.0,14500.0,14500.0,138007.0,14500.0,14560.0,14500.0,14505.0,15646.666666666666,17255.555555555555,18273.333333333332,20809.166666666668
2019-08-26,14400.0,13650.0,14200.0,13700.0,154389.0,13700.0,14470.0,14375.0,14430.0,15496.666666666666,17063.333333333332,18167.5,20750.416666666668
2019-08-27,14000.0,13750.0,13800.0,13800.0,49224.0,13800.0,14350.0,14281.25,14350.0,15376.666666666666,16871.11111111111,18063.333333333332,20692.916666666668
2019-08-28,14050.0,13700.0,13800.0,14050.0,123899.0,14050.0,14180.0,14293.75,14285.0,15261.666666666666,16704.444444444445,17961.666666666668,20627.916666666668
2019-08-29,14200.0,13800.0,14050.0,13950.0,35890.0,13950.0,14000.0,14268.75,14225.0,15145.0,16548.88888888889,17852.5,20558.333333333332
2019-08-30,14300.0,14050.0,14150.0,14150.0,88749.0,14150.0,13930.0,14237.5,14245.0,15048.333333333334,16390.0,17746.666666666668,20491.25
2019-09-02,14250.0,14050.0,14250.0,14150.0,33549.0,14150.0,14020.0,14143.75,14245.0,14945.0,16235.555555555555,17640.833333333332,20421.666666666668
2019-09-03,14350.0,14100.0,14200.0,14150.0,90586.0,14150.0,14090.0,14056.25,14220.0,14841.666666666666,16076.666666666666,17538.333333333332,20351.666666666668
2019-09-04,14400.0,14100.0,14250.0,14250.0,67133.0,14250.0,14130.0,14025.0,14155.0,14741.666666666666,15933.333333333334,17404.166666666668,20277.5
2019-09-05,14800.0,14150.0,14300.0,14250.0,170464.0,14250.0,14190.0,14093.75,14095.0,14650.0,15792.222222222223,17268.333333333332,20208.333333333332
2019-09-06,14300.0,14000.0,14250.0,14000.0,80593.0,14000.0,14160.0,14118.75,14045.0,14551.666666666666,15660.0,17114.166666666668,20130.833333333332
2019-09-09,14400.0,14000.0,14000.0,14050.0,139336.0,14050.0,14140.0,14118.75,14080.0,14460.0,15531.111111111111,16980.0,20051.25
2019-09-10,14350.0,14050.0,14100.0,14200.0,136727.0,14200.0,14150.0,14150.0,14120.0,14420.0,15427.777777777777,16858.333333333332,19974.166666666668
2019-09-11,15700.0,14300.0,14350.0,15000.0,500986.0,15000.0,14300.0,14256.25,14215.0,14393.333333333334,15351.111111111111,16743.333333333332,19910.416666666668
2019-09-16,15200.0,14600.0,14650.0,15000.0,207296.0,15000.0,14450.0,14362.5,14320.0,14370.0,15266.666666666666,16625.0,19845.0
2019-09-17,15100.0,14650.0,14800.0,15050.0,142460.0,15050.0,14660.0,14475.0,14410.0,14346.666666666666,15181.111111111111,16504.166666666668,19785.416666666668
2019-09-18,16100.0,14950.0,15100.0,15800.0,295184.0,15800.0,15010.0,14668.75,14575.0,14355.0,15127.777777777777,16395.0,19732.916666666668
2019-09-19,16300.0,15700.0,16050.0,15700.0,170656.0,15700.0,15310.0,14850.0,14730.0,14396.666666666666,15090.0,16282.5,19678.75
2019-09-20,15900.0,15350.0,15550.0,15650.0,106472.0,15650.0,15440.0,15056.25,14870.0,14455.0,15048.888888888889,16184.166666666666,19621.666666666668
2019-09-23,15750.0,15450.0,15650.0,15650.0,88643.0,15650.0,15570.0,15256.25,15010.0,14530.0,15008.888888888889,16095.833333333334,19559.583333333332
2019-09-24,15950.0,15500.0,15500.0,15900.0,101674.0,15900.0,15740.0,15468.75,15200.0,14583.333333333334,14983.333333333334,16005.833333333334,19493.333333333332
2019-09-25,15900.0,15300.0,15900.0,15350.0,86375.0,15350.0,15650.0,15512.5,15330.0,14613.333333333334,14941.111111111111,15910.0,19427.5
2019-09-26,15550.0,14950.0,15450.0,15050.0,68721.0,15050.0,15520.0,15518.75,15415.0,14628.333333333334,14892.222222222223,15805.833333333334,19360.833333333332
2019-09-27,15200.0,14750.0,14900.0,15200.0,70712.0,15200.0,15430.0,15537.5,15435.0,14645.0,14846.666666666666,15714.166666666666,19292.916666666668
2019-09-30,15250.0,14800.0,15150.0,15100.0,45873.0,15100.0,15320.0,15450.0,15445.0,14663.333333333334,14804.444444444445,15622.5,19222.5
2019-10-01,15550.0,15000.0,15100.0,15450.0,51701.0,15450.0,15230.0,15418.75,15485.0,14713.333333333334,14771.111111111111,15547.5,19148.333333333332
2019-10-02,15400.0,14950.0,15400.0,15000.0,60990.0,15000.0,15160.0,15337.5,15405.0,14741.666666666666,14731.111111111111,15466.666666666666,19076.666666666668
2019-10-04,14950.0,14450.0,14800.0,14650.0,55060.0,14650.0,15080.0,15212.5,15300.0,14750.0,14714.444444444445,15396.666666666666,18992.5
2019-10-07,14800.0,14450.0,14500.0,14700.0,40696.0,14700.0,14980.0,15062.5,15205.0,14743.333333333334,14690.0,15334.166666666666,18907.083333333332
2019-10-08,14750.0,14300.0,14500.0,14600.0,98169.0,14600.0,14880.0,14968.75,15100.0,14735.0,14665.555555555555,15264.166666666666,18810.0
2019-10-10,14800.0,14500.0,14500.0,14600.0,37990.0,14600.0,14710.0,14912.5,14970.0,14738.333333333334,14640.0,15192.5,18690.0
2019-10-11,14700.0,14450.0,14500.0,14600.0,68006.0,14600.0,14630.0,14837.5,14895.0,14768.333333333334,14618.888888888889,15132.5,18595.0
2019-10-14,15600.0,14600.0,14650.0,15550.0,260325.0,15550.0,14810.0,14893.75,14945.0,14826.666666666666,14643.333333333334,15101.666666666666,18510.416666666668
2019-10-15,15600.0,15300.0,15600.0,15500.0,53750.0,15500.0,14970.0,14900.0,14975.0,14875.0,14678.888888888889,15068.333333333334,18422.916666666668
2019-10-16,15800.0,15450.0,15600.0,15700.0,127572.0,15700.0,15190.0,14987.5,15035.0,14933.333333333334,14730.0,15039.166666666666,18342.916666666668
2019-10-17,16100.0,15500.0,15700.0,16000.0,98296.0,16000.0,15470.0,15156.25,15090.0,14995.0,14767.777777777777,15021.666666666666,18265.0
2019-10-18,16400.0,15500.0,16000.0,15600.0,168981.0,15600.0,15670.0,15268.75,15150.0,15043.333333333334,14793.333333333334,14994.166666666666,18193.333333333332
2019-10-21,15900.0,15500.0,15800.0,15700.0,47787.0,15700.0,15700.0,15406.25,15255.0,15095.0,14817.777777777777,14968.333333333334,18120.833333333332
2019-10-22,15850.0,15150.0,15700.0,15250.0,74403.0,15250.0,15650.0,15487.5,15310.0,15128.333333333334,14830.0,14935.0,18043.75
2019-10-23,15400.0,14950.0,15400.0,15050.0,89165.0,15050.0,15520.0,15543.75,15355.0,15155.0,14841.111111111111,14902.5,17963.333333333332
2019-10-24,15300.0,14650.0,15300.0,15200.0,72618.0,15200.0,15360.0,15500.0,15415.0,15195.0,14868.888888888889,14873.333333333334,17885.833333333332
2019-10-25,15200.0,14650.0,15050.0,14700.0,96762.0,14700.0,15180.0,15400.0,15425.0,15216.666666666666,14881.111111111111,14838.333333333334,17802.5
2019-10-28,14900.0,14550.0,14800.0,14750.0,15969.0,14750.0,14990.0,15281.25,15345.0,15235.0,14888.888888888889,14827.5,17712.083333333332
2019-10-29,15000.0,14750.0,14900.0,14800.0,46861.0,14800.0,14900.0,15131.25,15275.0,15228.333333333334,14886.666666666666,14810.833333333334,17625.833333333332
2019-10-30,15000.0,14700.0,14800.0,14950.0,31229.0,14950.0,14880.0,15050.0,15200.0,15226.666666666666,14888.888888888889,14798.333333333334,17539.166666666668
2019-10-31,15300.0,14800.0,15000.0,15200.0,67591.0,15200.0,14880.0,14987.5,15120.0,15231.666666666666,14904.444444444445,14789.166666666666,17458.333333333332
2019-11-01,15300.0,14950.0,15250.0,15100.0,27212.0,15100.0,14960.0,14968.75,15070.0,15208.333333333334,14935.555555555555,14781.666666666666,17378.75
2019-11-04,15600.0,15000.0,15150.0,15500.0,81969.0,15500.0,15110.0,15025.0,15050.0,15201.666666666666,14973.333333333334,14799.166666666666,17305.416666666668
2019-11-05,16250.0,15400.0,15400.0,15950.0,300670.0,15950.0,15340.0,15118.75,15120.0,15211.666666666666,15015.555555555555,14833.333333333334,17239.166666666668
2019-11-06,16150.0,15700.0,15950.0,15850.0,75101.0,15850.0,15520.0,15262.5,15200.0,15218.333333333334,15057.777777777777,14874.166666666666,17166.25
2019-11-07,15900.0,15550.0,15850.0,15750.0,86252.0,15750.0,15630.0,15387.5,15255.0,15213.333333333334,15093.333333333334,14898.333333333334,17096.25
2019-11-08,16000.0,15500.0,15650.0,15800.0,89639.0,15800.0,15770.0,15512.5,15365.0,15228.333333333334,15130.0,14920.833333333334,17041.25
2019-11-11,15800.0,15250.0,15800.0,15650.0,40009.0,15650.0,15800.0,15600.0,15455.0,15248.333333333334,15163.333333333334,14938.333333333334,16987.083333333332
2019-11-12,15800.0,15250.0,15800.0,15650.0,63053.0,15650.0,15740.0,15656.25,15540.0,15263.333333333334,15194.444444444445,14954.166666666666,16946.25
2019-11-13,15900.0,15200.0,15700.0,15250.0,89486.0,15250.0,15620.0,15675.0,15570.0,15268.333333333334,15216.666666666666,14965.833333333334,16903.75
2019-11-15,15500.0,15200.0,15200.0,15450.0,78956.0,15450.0,15560.0,15668.75,15595.0,15268.333333333334,15248.888888888889,14990.833333333334,16865.833333333332
2019-11-18,15500.0,14900.0,15450.0,15300.0,135383.0,15300.0,15460.0,15587.5,15615.0,15278.333333333334,15276.666666666666,15010.0,16827.083333333332
2019-11-19,15350.0,14950.0,15300.0,15000.0,64671.0,15000.0,15330.0,15481.25,15565.0,15290.0,15294.444444444445,15020.0,16784.583333333332
2019-11-20,15100.0,14700.0,15000.0,14800.0,76046.0,14800.0,15160.0,15362.5,15450.0,15293.333333333334,15290.0,15018.333333333334,16738.75
2019-11-21,14850.0,14300.0,14700.0,14300.0,131604.0,14300.0,14970.0,15175.0,15295.0,15283.333333333334,15274.444444444445,15009.166666666666,16687.5
2019-11-22,14650.0,13950.0,14300.0,14250.0,133037.0,14250.0,14730.0,15000.0,15145.0,15271.666666666666,15256.666666666666,15005.0,16639.166666666668
2019-11-25,14850.0,14300.0,14750.0,14550.0,138855.0,14550.0,14580.0,14862.5,15020.0,15270.0,15228.888888888889,15019.166666666666,16593.333333333332
2019-11-26,14850.0,14500.0,14600.0,14750.0,81108.0,14750.0,14530.0,14800.0,14930.0,15243.333333333334,15207.777777777777,15035.0,16549.166666666668
2019-11-27,14850.0,14450.0,14800.0,14600.0,75974.0,14600.0,14490.0,14693.75,14825.0,15213.333333333334,15184.444444444445,15044.166666666666,16502.916666666668
2019-11-28,14600.0,14300.0,14450.0,14500.0,102824.0,14500.0,14530.0,14593.75,14750.0,15173.333333333334,15158.888888888889,15053.333333333334,16452.916666666668
2019-11-29,14600.0,14250.0,14600.0,14400.0,100119.0,14400.0,14560.0,14518.75,14645.0,15120.0,15125.555555555555,15057.5,16402.083333333332
2019-12-02,14550.0,14150.0,14450.0,14300.0,93007.0,14300.0,14510.0,14456.25,14545.0,15076.666666666666,15102.222222222223,15060.0,16350.416666666666
2019-12-03,14350.0,13950.0,14200.0,14150.0,130772.0,14150.0,14390.0,14437.5,14460.0,15025.0,15082.222222222223,15060.0,16299.166666666666
2019-12-04,14500.0,13950.0,14000.0,14350.0,79722.0,14350.0,14340.0,14450.0,14415.0,14995.0,15063.333333333334,15061.666666666666,16232.916666666666
2019-12-05,14500.0,14150.0,14200.0,14200.0,62634.0,14200.0,14280.0,14406.25,14405.0,14966.666666666666,15043.333333333334,15060.833333333334,16164.583333333334
2019-12-06,14500.0,14200.0,14350.0,14350.0,94567.0,14350.0,14270.0,14356.25,14415.0,14938.333333333334,15018.888888888889,15066.666666666666,16090.416666666666
2019-12-09,14700.0,14300.0,14300.0,14700.0,86669.0,14700.0,14350.0,14368.75,14430.0,14938.333333333334,15012.222222222223,15077.5,16028.75
2019-12-10,14850.0,14350.0,14800.0,14500.0,107861.0,14500.0,14420.0,14368.75,14405.0,14930.0,15008.888888888889,15082.5,15970.416666666666
2019-12-11,14600.0,14350.0,14550.0,14600.0,63604.0,14600.0,14470.0,14393.75,14405.0,14923.333333333334,15006.666666666666,15075.833333333334,15909.583333333334
2019-12-12,14800.0,14600.0,14800.0,14750.0,83175.0,14750.0,14580.0,14450.0,14430.0,14916.666666666666,15010.0,15071.666666666666,15848.333333333334
2019-12-13,15050.0,14650.0,14800.0,14800.0,112795.0,14800.0,14670.0,14531.25,14470.0,14903.333333333334,15014.444444444445,15067.5,15785.833333333334
2019-12-16,15250.0,14800.0,14800.0,14950.0,106531.0,14950.0,14720.0,14606.25,14535.0,14898.333333333334,15022.222222222223,15053.333333333334,15724.166666666666
2019-12-17,15200.0,14850.0,14950.0,15050.0,64220.0,15050.0,14830.0,14712.5,14625.0,14883.333333333334,15011.111111111111,15042.5,15662.5
2019-12-18,15850.0,14950.0,15050.0,15400.0,227994.0,15400.0,14990.0,14843.75,14730.0,14865.0,15008.888888888889,15038.333333333334,15611.25
2019-12-19,15700.0,15350.0,15550.0,15450.0,115012.0,15450.0,15130.0,14937.5,14855.0,14851.666666666666,15003.333333333334,15035.0,15565.416666666666
2019-12-20,15800.0,15450.0,15500.0,15800.0,124370.0,15800.0,15330.0,15100.0,15000.0,14853.333333333334,14998.888888888889,15033.333333333334,15519.583333333334
2019-12-23,19150.0,15600.0,15850.0,16450.0,1705828.0,16450.0,15630.0,15331.25,15175.0,14875.0,15017.777777777777,15051.666666666666,15480.833333333334
2019-12-24,17300.0,15600.0,16700.0,15600.0,743956.0,15600.0,15740.0,15437.5,15285.0,14873.333333333334,15015.555555555555,15060.833333333334,15433.333333333334
2019-12-26,15700.0,15150.0,15400.0,15300.0,179369.0,15300.0,15720.0,15500.0,15355.0,14861.666666666666,15016.666666666666,15062.5,15388.333333333334
2019-12-27,16350.0,15000.0,15150.0,15250.0,290185.0,15250.0,15680.0,15537.5,15405.0,14861.666666666666,15021.111111111111,15065.0,15343.75
2019-12-30,15850.0,15200.0,15800.0,15300.0,197080.0,15300.0,15580.0,15568.75,15455.0,14856.666666666666,15023.333333333334,15062.5,15305.0
2020-01-02,15450.0,15250.0,15300.0,15300.0,87503.0,15300.0,15350.0,15556.25,15490.0,14856.666666666666,15036.666666666666,15067.5,15267.083333333334
2020-01-03,15600.0,15150.0,15300.0,15250.0,115490.0,15250.0,15280.0,15531.25,15510.0,14865.0,15047.777777777777,15077.5,15237.083333333334
2020-01-06,16450.0,14350.0,15000.0,14800.0,502051.0,14800.0,15180.0,15406.25,15450.0,14865.0,15047.777777777777,15079.166666666666,15206.666666666666
2020-01-07,15200.0,14850.0,15100.0,14950.0,110839.0,14950.0,15120.0,15218.75,15400.0,14886.666666666666,15047.777777777777,15085.0,15174.583333333334
2020-01-08,15700.0,14800.0,14900.0,15200.0,307166.0,15200.0,15100.0,15168.75,15340.0,14918.333333333334,15047.777777777777,15095.0,15143.75
2020-01-09,16100.0,15350.0,15500.0,15850.0,271117.0,15850.0,15210.0,15237.5,15280.0,14961.666666666666,15064.444444444445,15115.833333333334,15124.166666666666
2020-01-10,16300.0,15750.0,15850.0,16200.0,146927.0,16200.0,15400.0,15356.25,15340.0,15010.0,15080.0,15126.666666666666,15114.166666666666
2020-01-13,16950.0,15850.0,16500.0,15950.0,252101.0,15950.0,15630.0,15437.5,15405.0,15055.0,15080.0,15134.166666666666,15101.25
2020-01-14,16050.0,15450.0,15900.0,15700.0,172454.0,15700.0,15780.0,15487.5,15450.0,15095.0,15076.666666666666,15134.166666666666,15086.666666666666
2020-01-15,15950.0,15600.0,15850.0,15700.0,96367.0,15700.0,15880.0,15543.75,15490.0,15138.333333333334,15075.555555555555,15129.166666666666,15075.416666666666
2020-01-16,16150.0,15650.0,15850.0,16000.0,97936.0,16000.0,15910.0,15693.75,15560.0,15195.0,15080.0,15135.833333333334,15065.0
2020-01-17,16100.0,15800.0,16050.0,15950.0,93371.0,15950.0,15860.0,15818.75,15630.0,15255.0,15086.666666666666,15140.0,15054.166666666666
2020-01-20,16150.0,15700.0,16000.0,15800.0,103942.0,15800.0,15830.0,15893.75,15730.0,15303.333333333334,15090.0,15149.166666666666,15042.083333333334
2020-01-21,15850.0,15250.0,15850.0,15450.0,148911.0,15450.0,15780.0,15843.75,15780.0,15345.0,15094.444444444445,15155.833333333334,15029.166666666666
2020-01-22,15600.0,15200.0,15200.0,15400.0,79358.0,15400.0,15720.0,15743.75,15800.0,15380.0,15093.333333333334,15159.166666666666,15016.25
2020-01-23,15400.0,15000.0,15250.0,15200.0,84050.0,15200.0,15560.0,15650.0,15735.0,15396.666666666666,15091.111111111111,15167.5,15002.916666666666
2020-01-28,14450.0,13800.0,14300.0,13800.0,488156.0,13800.0,15130.0,15412.5,15495.0,15373.333333333334,15064.444444444445,15151.666666666666,14989.583333333334
2020-01-29,14600.0,13850.0,13850.0,14350.0,184193.0,14350.0,14840.0,15243.75,15335.0,15365.0,15054.444444444445,15144.166666666666,14977.5
2020-01-30,14400.0,14050.0,14350.0,14200.0,89457.0,14200.0,14590.0,15018.75,15185.0,15346.666666666666,15052.222222222223,15131.666666666666,14965.0
2020-01-31,14550.0,14100.0,14150.0,14350.0,105093.0,14350.0,14380.0,14818.75,15050.0,15331.666666666666,15054.444444444445,15117.5,14953.333333333334
2020-02-03,14900.0,13850.0,13900.0,14900.0,173626.0,14900.0,14320.0,14706.25,14940.0,15330.0,15062.222222222223,15114.166666666666,14947.916666666666
2020-02-04,15250.0,14600.0,14600.0,15000.0,108719.0,15000.0,14560.0,14650.0,14845.0,15328.333333333334,15067.777777777777,15105.833333333334,14952.5
2020-02-05,15350.0,14650.0,15350.0,14950.0,75889.0,14950.0,14680.0,14593.75,14760.0,15313.333333333334,15075.555555555555,15089.166666666666,14961.25
2020-02-06,15250.0,14800.0,14950.0,15100.0,79802.0,15100.0,14860.0,14581.25,14725.0,15301.666666666666,15088.888888888889,15076.666666666666,14975.416666666666
2020-02-07,15100.0,14850.0,14950.0,15100.0,64692.0,15100.0,15010.0,14743.75,14695.0,15278.333333333334,15104.444444444445,15065.833333333334,14982.083333333334
2020-02-10,15050.0,14500.0,15050.0,14950.0,118454.0,14950.0,15020.0,14818.75,14670.0,15228.333333333334,15118.888888888889,15051.666666666666,14986.25
2020-02-11,14900.0,14550.0,14900.0,14700.0,91325.0,14700.0,14960.0,14881.25,14760.0,15198.333333333334,15131.111111111111,15035.833333333334,14987.083333333334
2020-02-12,14900.0,14550.0,14600.0,14750.0,102989.0,14750.0,14920.0,14931.25,14800.0,15180.0,15140.0,15020.833333333334,14987.5
2020-02-13,14900.0,14600.0,14850.0,14800.0,73844.0,14800.0,14860.0,14918.75,14860.0,15165.0,15153.333333333334,15013.333333333334,14989.583333333334
2020-02-14,14850.0,14550.0,14650.0,14700.0,59711.0,14700.0,14780.0,14881.25,14895.0,15145.0,15161.111111111111,15000.833333333334,14995.833333333334
2020-02-17,14700.0,14500.0,14550.0,14650.0,65697.0,14650.0,14720.0,14843.75,14870.0,15123.333333333334,15160.0,14990.0,15000.0
2020-02-18,14800.0,14450.0,14600.0,14650.0,79468.0,14650.0,14710.0,14787.5,14835.0,15103.333333333334,15163.333333333334,14984.166666666666,15002.083333333334
2020-02-19,14650.0,14250.0,14550.0,14350.0,100665.0,14350.0,14630.0,14693.75,14775.0,15088.333333333334,15157.777777777777,14976.666666666666,14997.5
2020-02-20,14400.0,13950.0,14150.0,14100.0,125559.0,14100.0,14490.0,14587.5,14675.0,15060.0,15143.333333333334,14973.333333333334,14991.25
2020-02-21,13950.0,13750.0,13900.0,13800.0,147296.0,13800.0,14310.0,14475.0,14545.0,15013.333333333334,15121.111111111111,14965.833333333334,14985.416666666666
2020-02-24,13450.0,12550.0,13350.0,12650.0,241599.0,12650.0,13910.0,14212.5,14315.0,14906.666666666666,15070.0,14934.166666666666,14976.666666666666
2020-02-25,13000.0,12250.0,12250.0,12800.0,211532.0,12800.0,13540.0,13962.5,14125.0,14793.333333333334,15020.0,14901.666666666666,14968.333333333334
2020-02-26,13550.0,12400.0,12550.0,12800.0,337248.0,12800.0,13230.0,13725.0,13930.0,14688.333333333334,14962.222222222223,14871.666666666666,14957.916666666666
2020-02-27,13250.0,12600.0,12800.0,12750.0,136337.0,12750.0,12960.0,13487.5,13725.0,14590.0,14902.222222222223,14842.5,14947.916666666666
2020-02-28,12450.0,12000.0,12400.0,12150.0,141991.0,12150.0,12630.0,13175.0,13470.0,14471.666666666666,14821.111111111111,14805.0,14931.25
2020-03-02,12900.0,11600.0,12000.0,12200.0,226652.0,12200.0,12540.0,12906.25,13225.0,14345.0,14726.666666666666,14770.0,14915.0
2020-03-03,13350.0,12250.0,12400.0,12250.0,429817.0,12250.0,12430.0,12675.0,12985.0,14221.666666666666,14652.222222222223,14738.333333333334,14899.166666666666
2020-03-04,13050.0,12150.0,12250.0,12850.0,352246.0,12850.0,12440.0,12556.25,12835.0,14123.333333333334,14597.777777777777,14713.333333333334,14887.5
2020-03-05,13750.0,13100.0,13100.0,13500.0,516878.0,13500.0,12590.0,12662.5,12775.0,14058.333333333334,14558.888888888889,14701.666666666666,14881.25
2020-03-06,13200.0,12800.0,13100.0,13000.0,172312.0,13000.0,12760.0,12687.5,12695.0,13978.333333333334,14507.777777777777,14679.166666666666,14872.916666666666
2020-03-09,13000.0,13000.0,13000.0,13000.0,0.0,13000.0,12920.0,12712.5,12730.0,13905.0,14456.666666666666,14650.833333333334,14864.166666666666
2020-03-10,12750.0,12150.0,12150.0,12300.0,281820.0,12300.0,12930.0,12656.25,12680.0,13855.0,14391.111111111111,14614.166666666666,14848.333333333334
2020-03-11,12500.0,12000.0,12450.0,12100.0,120206.0,12100.0,12780.0,12650.0,12610.0,13780.0,14331.111111111111,14572.5,14824.166666666666
2020-03-12,12000.0,10950.0,12000.0,11000.0,216899.0,11000.0,12280.0,12500.0,12435.0,13673.333333333334,14243.333333333334,14510.0,14790.833333333334
