,회사명,종목코드
0,CJ프레시웨이,51500
1,CSA 코스믹,83660
2,GH신소재,130500
3,GST,83450
4,JW신약,67290
5,KB오토시스,24120
6,SK5호스팩,337450
7,THE E&M,89230
8,TJ미디어,32540
9,YW,51390
10,갤럭시아컴즈,94480
11,고려시멘트,198440
12,교보8호스팩,307280
13,나스미디어,89600
14,네오오토,212560
15,네오티스,85910
16,네이처셀,7390
17,녹십자셀,31390
18,뉴인텍,12340
19,뉴프렉스,85670
20,대봉엘에스,78140
21,대한뉴팜,54670
22,대한약품,23910
23,덕산네오룩스,213420
24,덱스터,206560
25,동구바이오제약,6620
26,디에이피,66900
27,디엔에이링크,127120
28,디엔에프,92070
29,디오,39840
30,디지틀조선,33130
31,디케이앤디,263020
32,디케이티,290550
33,레드캡투어,38390
34,리메드,302550
35,매일홀딩스,5990
36,메디프론,65650
37,메탈라이프,327260
38,명성티엔에스,257370
39,모비스,250060
40,모트렉스,118990
41,미래SCI,28040
42,미래컴퍼니,49950
43,미래테크놀로지,213090
44,바이넥스,53030
45,부스타,8470
46,브이티지엠피,18290
47,삼보산업,9620
48,삼보판지,23600
49,삼아제약,9300
50,상지카일룸,42940
51,서전기전,189860
52,성창오토텍,80470
53,세보엠이씨,11560
54,세종메디칼,258830
55,세코닉스,53450
56,셀리드,299660
57,솔트웍스,230980
58,수젠텍,253840
59,슈프리마,236200
60,스타모빌리티,158310
61,승일,49830
62,신테카바이오,226330
63,심텍,222800
64,싸이토젠,217330
65,쎄미시스코,136510
66,씨트리,47920
67,씨티젠,36170
68,아이씨디,40910
69,아이원스,114810
70,아이즈비전,31310
71,아이텍,119830
72,알에프세미,96610
73,알에프텍,61040
74,알테오젠,196170
75,액트,131400
76,에스아이리소스,65420
77,에스에너지,95910
78,에스에스알,275630
79,에스에프씨,112240
80,에스제이케이,80440
81,에스코넥,96630
82,에스티오,98660
83,에이티넘인베스트,21080
84,에이피티씨,89970
85,에코프로비엠,247540
86,에프에스티,36810
87,엑세스바이오,950130
88,엑셈,205100
89,엘아이에스,138690
90,엠씨넥스,97520
91,영화테크,265560
92,오공,45060
93,오픈베이스,49480
94,옵티시스,109080
95,옵티팜,153710
96,와이지-원,19210
97,우리바이오,82850
98,원익QnC,74600
99,원익큐브,14190
100,원풍물산,8290
101,웨이브일렉트로,95270
102,웰크론,65950
103,위지트,36090
104,유니테크노,241690
105,유바이오로직스,206650
106,유안타제5호스팩,336060
107,유진스팩5호,331380
108,유진테크,84370
109,육일씨엔에쓰,191410
110,이노인스트루먼트,215790
111,이스트소프트,47560
112,이엠넷,123570
113,이엠코리아,95190
114,이퓨쳐,134060
115,인베니아,79950
116,인텍플러스,64290
117,잉크테크,49550
118,제우스,79370
119,제이엔케이히터,126880
120,제이엘케이인스펙션,322510
121,제이엠티,94970
122,제일제강,23440
123,제주반도체,80220
124,젬백스지오,41590
125,조아제약,34940
126,주성엔지니어링,36930
127,중앙에너비스,440
128,지니틱스,303030
129,지엔씨에너지,119850
130,지엔코,65060
131,진매트릭스,109820
132,창해에탄올,4650
133,컬러레이,900310
134,케이피엠테크,42040
135,케이피티유,54410
136,코리아에셋투자증권,190650
137,코센,9730
138,코스온,69110
139,코아스템,166480
140,코오롱생명과학,102940
141,코프라,126600
142,큐브엔터,182360
143,토탈소프트,45340
144,톱텍,108230
145,트루윈,105550
146,특수건설,26150
147,티앤알바이오팹,246710
148,파세코,37070
149,파수닷컴,150900
150,파커스,65690
151,푸드웰,5670
152,푸른저축은행,7330
153,퓨전,195440
154,프로스테믹스,203690
155,피델릭스,32580
156,피에스엠씨,24850
157,피에스케이,319660
158,하나금융10호스팩,270520
159,한국맥널티,222980
160,한국전자금융,63570
161,한양디지텍,78350
162,한일화학,7770
163,한컴MDS,86960
164,한컴위드,54920
165,한화에이스스팩4호,279410
166,해성옵틱스,76610
167,현진소재,53660
168,화성밸브,39610
169,화이브라더스코리아,204630
170,APS홀딩스,54620
171,CJ ENM,35760
172,CMG제약,58820
173,CS,65770
174,EG,37370
175,HRS,36640
176,KG모빌리언스,46440
177,KJ프리텍,83470
178,KMH,122450
179,MP그룹,65150
180,NICE평가정보,30190
181,PN풍년,24940
182,SBI핀테크솔루션즈,950110
183,SCI평가정보,36120
184,SM C&C,48550
185,SM Life Design,63440
186,SNK,950180
187,감마누,192410
188,강원,114190
189,광림,14200
190,국일신동,60480
191,나노,187790
192,나노엔텍,39860
193,남화토건,91590
194,네오위즈홀딩스,42420
195,넥스턴,89140
196,뉴로스,126870
197,뉴지랩,214870
198,뉴파워프라즈마,144960
199,대동금속,20400
200,대아티아이,45390
201,대유에이피,290120
202,대주전자재료,78600
203,대창솔루션,96350
204,덕신하우징,90410
205,동방선기,99410
206,동부스팩5호,281740
207,동아엘텍,88130
208,동양파일,228340
209,동양피엔에프,104460
210,디아이티,110990
211,디알텍,214680
212,디에스티,33430
213,라이브플렉스,50120
214,로고스바이오,238120
215,메디아나,41920
216,메이슨캐피탈,21880
217,메타바이오메드,59210
218,모두투어,80160
219,미래에셋대우스팩3호,328380
220,미래에셋벤처투자,100790
221,미투온,201490
222,바디텍메드,206640
223,바이오로그디바이스,208710
224,뷰웍스,100120
225,브이원텍,251630
226,블루콤,33560
227,비덴트,121800
228,비아트론,141000
229,비츠로셀,82920
230,비트컴퓨터,32850
231,빛샘전자,72950
232,삼륭물산,14970
233,삼양옵틱스,225190
234,삼영이엔씨,65570
235,삼일,32280
236,삼일기업공사,2290
237,삼지전자,37460
238,삼진,32750
239,삼화네트웍스,46390
240,상신이디피,91580
241,상아프론테크,89980
242,서린바이오,38070
243,서울제약,18680
244,성우하이텍,15750
245,세경하이테크,148150
246,세명전기,17510
247,셀바스헬스케어,208370
248,손오공,66910
249,수성,84180
250,슈펙스비앤피,58530
251,신라에스지,25870
252,신라젠,215600
253,신영스팩5호,323280
254,씨큐브,101240
255,아가방컴퍼니,13990
256,아리온,58220
257,아모텍,52710
258,아미코젠,92040
259,아이에이,38880
260,아이오케이,78860
261,아이티엠반도체,84850
262,액트로,290740
263,앱클론,174900
264,에스제이그룹,306040
265,에스퓨얼셀,288620
266,에이스테크,88800
267,에이치엘비,28300
268,에코마이스터,64510
269,에프알텍,73540
270,에프엔에스테크,83500
271,엔에이치스팩12호,273060
272,엔에이치스팩14호,319400
273,엔지켐생명과학,183490
274,엘티씨,170920
275,엠벤처투자,19590
276,엠아이텍,179290
277,연우,115960
278,예림당,36000
279,예스24,53280
280,오르비텍,46120
281,오리엔트정공,65500
282,옴니텔,57680
283,와이디온라인,52770
284,우리손에프앤지,73560
285,우수AMS,66590
286,원일특강,12620
287,유니테스트,86390
288,유안타제6호스팩,340360
289,유에스티,263770
290,이글루시큐리티,67920
291,이글벳,44960
292,이녹스,88390
293,이랜시스,264850
294,이엠텍,91120
295,인선이엔티,60150
296,인크로스,216050
297,인포바인,115310
298,인포뱅크,39290
299,자이글,234920
300,정상제이엘에스,40420
301,제이스텍,90470
302,제일바이오,52670
303,줌인터넷,239340
304,지노믹트리,228760
305,지니뮤직,43610
306,지란지교시큐리티,208350
307,지와이커머스,111820
308,참좋은여행,94850
309,캐스텍코리아,71850
310,케이비제19호스팩,330990
311,케이씨에스,115500
312,케이씨피드,25880
313,케이엔제이,272110
314,코데즈컴바인,47770
315,코디,80530
316,코렌,78650
317,코리아센터,290510
318,코메론,49430
319,코미팜,41960
320,코웰패션,33290
321,코위버,56360
322,콜마비앤에이치,200130
323,크로바하이텍,43590
324,키움제5호스팩,311270
325,타이거일렉,219130
326,테고사이언스,191420
327,테스나,131970
328,투비소프트,79970
329,티비씨,33830
330,파루,43200
331,파워로직스,47310
332,파인디지털,38950
333,패션플랫폼,225590
334,팬엔터테인먼트,68050
335,팬젠,222110
336,펌텍코리아,251970
337,풍강,93380
338,피에스텍,2230
339,하나마이크론,67310
340,하이록코리아,13030
341,한국경제TV,39340
342,한국바이오젠,318000
343,한국비엔씨,256840
344,한국아트라스비엑스,23890
345,한국알콜,17890
346,한국유니온제약,80720
347,한국정보통신,25770
348,한국팩키지,37230
349,한글과컴퓨터,30520
350,한탑,2680
351,현대공업,170030
352,형지I&C,11080
353,휴맥스홀딩스,28080
354,AP위성,211270
355,DB금융스팩7호,322780
356,IBKS제10호스팩,299170
357,JTC,950170
358,KCC건설,21320
359,KCI,36670
360,KG ETS,151860
361,NHN벅스,104200
362,SGA솔루션즈,184230
363,SKC코오롱PI,178920
364,SK바이오랜드,52260
365,SV인베스트먼트,289080
366,게임빌,63080
367,경남제약,53950
368,경창산업,24910
369,골프존뉴딘홀딩스,121440
370,교보9호스팩,331520
371,그리티,204020
372,기가레인,49080
373,나노신소재,121600
374,나인컴플렉스,82660
375,남화산업,111710
376,네이블커뮤니케이션즈,153460
377,넥슨지티,41140
378,노바렉스,194700
379,녹원씨엔아이,65560
380,뉴프라이드,900100
381,다산네트웍스,39560
382,다원시스,68240
383,대성파인텍,104040
384,대원산업,5710
385,대유,290380
386,동신건설,25950
387,동일기연,32960
388,듀오백,73190
389,디엠티,134580
390,디젠스,113810
391,디지아이,43360
392,디지털대성,68930
393,디티앤씨,187220
394,램테크놀러지,171010
395,럭슬,33600
396,레고켐바이오,141080
397,로보스타,90360
398,리드코프,12700
399,린드먼아시아,277070
400,마이크로프랜드,147760
401,머큐리,100590
402,메디톡스,86900
403,메디포스트,78160
404,메지온,140410
405,모바일리더,100030
406,모바일어플라이언스,87260
407,바이오니아,64550
408,바이오제네틱스,44480
409,베뉴지,19010
410,베셀,177350
411,보라티알,250000
412,부방,14470
413,브리지텍,64480
414,블러썸엠앤씨,263920
415,비피도,238200
416,사람인에이치알,143240
417,삼본전자,111870
418,삼진엘앤디,54090
419,삼천리자전거,24950
420,삼현철강,17480
421,서부T&D,6730
422,서산,79650
423,서플러스글로벌,140070
424,성우테크론,45300
425,세틀뱅크,234340
426,소프트캠프,258790
427,솔본,35610
428,수산아이앤티,50960
429,시공테크,20710
430,신성델타테크,65350
431,신스타임즈,56000
432,신한제5호스팩,323230
433,신한제6호스팩,333050
434,쎄노텍,222420
435,쎄트렉아이,99320
436,쎌바이오텍,49960
437,씨엔플러스,115530
438,아비코전자,36010
439,아이스크림에듀,289010
440,아진산업,13310
441,아진엑스텍,59120
442,아프리카TV,67160
443,애니젠,196300
444,에스마크,30270
445,에스앤씨엔진그룹,900080
446,에스에프에이,56190
447,에스엠,41510
448,에이디칩스,54630
449,에이비엘바이오,298380
450,에이스침대,3800
451,에이스토리,241840
452,에이아이비트,39230
453,에이치시티,72990
454,엔시트론,101400
455,엘디티,96870
456,엘비세미콘,61970
457,엘컴텍,37950
458,엠에스오토텍,123040
459,영인프런티어,36180
460,예스티,122640
461,오텍,67170
462,오파스넷,173130
463,와이엔텍,67900
464,원익머트리얼즈,104830
465,원익홀딩스,30530
466,원풍,8370
467,웹스,196700
468,웹젠,69080
469,웹케시,53580
470,위닉스,44340
471,위메이드,112040
472,윈팩,97800
473,유니맥스글로벌,215090
474,유비쿼스,264450
475,유비쿼스홀딩스,78070
476,유테크,178780
477,유티아이,179900
478,유틸렉스,263050
479,이건홀딩스,39020
480,이노메트리,302430
481,이노와이어리스,73490
482,이랜텍,54210
483,이매진아시아,36260
484,이미지스,115610
485,이수앱지스,86890
486,인성정보,33230
487,인탑스,49070
488,재영솔루텍,49630
489,정산애강,22220
490,제이스테판,96690
491,제이에스티나,26040
492,제이웨이,58420
493,제이티,89790
494,조이맥스,101730
495,지니언스,263860
496,지엘팜텍,204840
497,진바이오텍,86060
498,진성티이씨,36890
499,캐리소프트,317530
500,캠시스,50110
501,케이비제18호스팩,323940
502,케이피에프,24880
503,코나아이,52400
504,코다코,46070
505,코이즈,121850
506,키네마스터,139670
507,탑엔지니어링,65130
508,태웅로직스,124560
509,토비스,51360
510,티로보틱스,117730
511,티씨케이,64760
512,티피씨글로벌,130740
513,파나진,46210
514,파라다이스,34230
515,파멥신,208340
516,파버나인,177830
517,파크시스템스,140860
518,포메탈,119500
519,포티스,141020
520,프로텍,53610
521,플리토,300080
522,피제이메탈,128660
523,필옵틱스,161580
524,하나금융11호스팩,284620
525,하나금융14호스팩,332710
526,한국제7호스팩,291210
527,한국캐피탈,23760
528,한솔씨앤피,221610
529,한일네트웍스,46110
530,한일진공,123840
531,한화에스비아이스팩,317320
532,행남사,8800
533,휴젤,145020
534,희림,37440
535,DSC인베스트먼트,241520
536,IBKS제7호스팩,276920
537,SDN,99220
538,SK4호스팩,307070
539,SKC 솔믹스,57500
540,SK머티리얼즈,36490
541,UCI,38340
542,WI,73570
543,가비아,79940
544,강스템바이오텍,217730
545,경남스틸,39240
546,골프존,215000
547,교보7호스팩,267320
548,국순당,43650
549,글로벌텍스프리,204620
550,글로본,19660
551,나노브릭,286750
552,나무기술,242040
553,나이벡,138610
554,넷게임즈,225570
555,녹십자랩셀,144510
556,대성미생물,36480
557,대신밸런스제7호스팩,332290
558,대양전기공업,108380
559,대창스틸,140520
560,대한과학,131220
561,덕산테코피아,317330
562,덕산하이메탈,77360
563,덕우전자,263600
564,동국산업,5160
565,동국제약,86450
566,동진쎄미켐,5290
567,두올산업,78590
568,디에스케이,109740
569,디오스텍,196450
570,딜리,131180
571,라이온켐텍,171120
572,로지시스,67730
573,루미마이크로,82800
574,링네트,42500
575,메가스터디교육,215200
576,메카로,241770
577,모헨즈,6920
578,미래에셋대우스팩2호,310200
579,미스터블루,207760
580,바이온,32980
581,비디아이,148140
582,비에이치아이,83650
583,삼원테크,73640
584,상보,27580
585,상신전자,263810
586,새로닉스,42600
587,서연탑메탈,19770
588,서원인텍,93920
589,서진오토모티브,122690
590,서호전기,65710
591,성호전자,43260
592,셀루메드,49180
593,셀트리온제약,68760
594,슈프리마에이치큐,94840
595,스카이문스테크놀로지,33790
596,스타플렉스,115570
597,스튜디오드래곤,253450
598,시노펙스,25320
599,신원종합개발,17000
600,씨씨에스,66790
601,씨앤지하이테크,264660
602,씨에스베어링,297090
603,씨젠,96530
604,아스타,246720
605,아스트,67390
606,아시아종묘,154030
607,아우딘퓨쳐스,227610
608,아이에이네트웍스,123010
609,아이엠텍,226350
610,아이진,185490
611,아이큐어,175250
612,아이크래프트,52460
613,아톤,158430
614,알이피,131100
615,에스모,73070
616,에스텍파마,41910
617,에이비프로바이오,195990
618,에이씨티,138360
619,에이치엘사이언스,239610
620,에이치케이,44780
621,에이프로젠 H&G,109960
622,에코플라스틱,38110
623,엑사이엔씨,54940
624,엔에스,217820
625,엘오티베큠,83310
626,연이정보통신,90740
627,옵트론텍,82210
628,와이솔,122990
629,와이아이케이,232140
630,우노앤컴퍼니,114630
631,우리산업홀딩스,72470
632,우림기계,101170
633,우양,103840
634,윈하이텍,192390
635,윌링스,313760
636,유비벨록스,89850
637,유성티엔에스,24800
638,이녹스첨단소재,272290
639,이더블유케이,258610
640,이루온,65440
641,이에스브이,223310
642,이엘케이,94190
643,이지케어텍,99750
644,인터로조,119610
645,인터파크,108790
646,인터플렉스,51370
647,일야,58450
648,전파기지국,65530
649,제낙스,65620
650,제너셈,217190
651,제넨바이오,72520
652,제노레이,122310
653,제노포커스,187420
654,제룡전기,33100
655,제이씨현시스템,33320
656,젬백스,82270
657,조광ILI,44060
658,지스마트글로벌,114570
659,초록뱀,47820
660,케이맥,43290
661,케이엔더블유,105330
662,코너스톤네트웍스,33110
663,코드네이처,78940
664,코렌텍,104540
665,코맥스,36690
666,코세스,89890
667,코스맥스엔비티,222040
668,코스메카코리아,241710
669,코엔텍,29960
670,코텍,52330
671,큐리언트,115180
672,큐캐피탈,16600
673,크리스탈신소재,900250
674,테라셈,182690
675,티케이케미칼,104480
676,티플랙스,81150
677,파인디앤씨,49120
678,파인텍,131760
679,펩트론,87010
680,포스링크,56730
681,풍국주정,23900
682,피씨디렉트,51380
683,피앤텔,54340
684,피에스케이홀딩스,31980
685,픽셀플러스,87600
686,하이소닉,106080
687,한국컴퓨터,54040
688,한솔시큐어,70300
689,한일사료,5860
690,헝셩그룹,900270
691,현대바이오,48410
692,효성오앤비,97870
693,CNH,23460
694,DMS,68790
695,IBKS제11호스팩,335890
696,ITX엠투엠,99520
697,KBI메탈,24840
698,KH바텍,60720
699,KMH하이텍,52900
700,KTH,36030
701,KT서브마린,60370
702,SBS콘텐츠허브,46140
703,SG&G,40610
704,SGA,49470
705,TPC,48770
706,W홀딩컴퍼니,52300
707,YBM넷,57030
708,가온미디어,78890
709,경동제약,11040
710,고영,98460
711,골드퍼시픽,38530
712,골든센츄리,900280
713,광진윈텍,90150
714,구영테크,53270
715,국보디자인,66620
716,글로벌에스엠,900070
717,나이스정보통신,36800
718,네오위즈,95660
719,네오크레마,311390
720,노바텍,285490
721,뉴보텍,60260
722,다날,64260
723,다우데이타,32190
724,대동기어,8830
725,대명코퍼레이션,7720
726,대원,7680
727,대원미디어,48910
728,대호피앤씨,21040
729,대화제약,67080
730,더블유에프엠,35290
731,동아화성,41930
732,디앤씨미디어,263720
733,디에이테크놀로지,196490
734,라닉스,317120
735,라온피플,300120
736,라파스,214260
737,로스웰,900260
738,리더스코스메틱,16100
739,마니커에프앤지,195500
740,메가엠디,133750
741,메드팩토,235980
742,모베이스,101330
743,모아텍,33200
744,미래에셋대우스팩4호,333430
745,바른전자,64520
746,바이오스마트,38460
747,바텍,43150
748,보광산업,225530
749,본느,226340
750,브릿지바이오,288330
751,비엠티,86670
752,비츠로시스,54220
753,삼기오토모티브,122350
754,삼보모터스,53700
755,삼영엠텍,54540
756,삼천당제약,250
757,서울옥션,63170
758,서한,11370
759,성도이엔지,37350
760,성우전자,81580
761,세운메디칼,100700
762,세종텔레콤,36630
763,셀바스AI,108860
764,스맥,99440
765,스페코,13810
766,시그네틱스,33170
767,시너지이노베이션,48870
768,신신제약,2800
769,신화인터텍,56700
770,아나패스,123860
771,아이센스,99190
772,아즈텍WB,32080
773,안트로젠,65660
774,알리코제약,260660
775,알티캐스트,85810
776,앤디포스,238090
777,야스,255440
778,어보브반도체,102120
779,에버다임,41440
780,에스넷,38680
781,에스앤에스텍,101490
782,에스에이엠티,31330
783,에스와이,109610
784,에스티큐브,52020
785,에스피시스템스,317830
786,에스피지,58610
787,에이치엘비생명과학,67630
788,에이치엘비파워,43220
789,에이텍티앤,224110
790,에이티세미콘,89530
791,에코마케팅,230360
792,에코바이오,38870
793,에프앤리퍼블릭,64090
794,엔바이오니아,317870
795,엔브이에이치코리아,67570
796,엔에스엔,31860
797,엔에이치스팩13호,310840
798,엔에이치스팩15,339950
799,엔피케이,48830
800,엘엠에스,73110
801,엠케이전자,33160
802,오스테오닉,226400
803,오스템임플란트,48260
804,오이솔루션,138080
805,오킨스전자,80580
806,와이엠씨,155650
807,와이엠티,251370
808,와이제이엠게임즈,193250
809,우리산업,215360
810,우리조명,37400
811,원익,32940
812,원익IPS,240810
813,유니슨,18000
814,유니크,11320
815,유아이디,69330
816,유아이엘,49520
817,이상네트웍스,80010
818,이엔에프테크놀로지,102710
819,이테크건설,16250
820,이화공영,1840
821,인텔리안테크,189300
822,인포마크,175140
823,인피니트헬스케어,71200
824,일신바이오,68330
825,잉글우드랩,950140
826,장원테크,174880
827,전진바이오팜,110020
828,정다운,208140
829,정원엔시스,45510
830,제이씨케미칼,137950
831,좋은사람들,33340
832,중앙백신,72020
833,지어소프트,51160
834,청보산업,13720
835,칩스앤미디어,94360
836,카스,16920
837,케이비17호스팩,317030
838,케이사인,192250
839,케이피에스,256940
840,켐온,217600
841,코오롱티슈진,950160
842,큐브앤컴퍼니,43090
843,크린앤사이언스,45520
844,태웅,44490
845,토박스코리아,215480
846,팅크웨어,84730
847,파라텍,33540
848,파마리서치프로덕트,214450
849,파이오링크,170790
850,팜스토리,27710
851,푸드나무,290720
852,프리엠스,53160
853,플랜티넷,75130
854,필로시스헬스케어,57880
855,하나머티리얼즈,166090
856,하이셈,200470
857,하이텍팜,106190
858,한국선재,25550
859,한국전자인증,41460
860,한국정보공학,39740
861,한국코퍼레이션,50540
862,한국큐빅,21650
863,한독크린텍,256150
864,한류AI센터,222810
865,한양이엔지,45100
866,한프,66110
867,한화플러스제1호스팩,340440
868,핸디소프트,220180
869,현대사료,16790
870,현우산업,92300
871,홈캐스트,64240
872,화신정공,126640
873,휴네시온,290270
874,힘스,238490
875,3S,60310
876,EDGC,245620
877,EMW,79190
878,GRT,900290
879,JYP Ent.,35900
880,RFHIC,218410
881,SG,255220
882,TS인베스트먼트,246690
883,고려신용정보,49720
884,광진실업,26910
885,국영지앤엠,6050
886,그린플러스,186230
887,글로스퍼랩스,32860
888,기산텔레콤,35460
889,까스텔바작,308100
890,나무가,190510
891,나이스디앤비,130580
892,네오셈,253590
893,네패스,33640
894,넥스트BT,65170
895,넵튠,217270
896,누리플랜,69140
897,대림제지,17650
898,대신밸런스제6호스팩,307750
899,대신정보통신,20180
900,데일리블록체인,139050
901,동국알앤에스,75970
902,동우팜투테이블,88910
903,디바이스이엔지,187870
904,디이엔티,79810
905,디지캡,197140
906,라온시큐어,42510
907,룽투코리아,60240
908,리노스,39980
909,리더스 기술투자,19570
910,마이크로디지탈,305090
911,매직마이크로,127160
912,맥스로텍,141070
913,모다이노칩,80420
914,모베이스전자,12860
915,무림SP,1810
916,미디어젠,279600
917,미래나노텍,95500
918,미코,59090
919,민앤지,214180
920,바이오리더스,142760
921,바이오빌,65940
922,브레인콘텐츠,66980
923,비에이치,90460
924,비츠로테크,42370
925,빅텍,65450
926,삼강엠앤티,100090
927,삼성머스트스팩3호,309930
928,삼표시멘트,38500
929,상상인이안1호스팩,307870
930,선광,3100
931,선데이토즈,123420
932,선익시스템,171090
933,세원물산,24830
934,세진티에스,67770
935,센트럴바이오,51980
936,솔루에타,154040
937,스킨앤스킨,159910
938,신한제4호스팩,277480
939,신화콘텍,187270
940,신흥에스이씨,243840
941,실리콘웍스,108320
942,쌍용정보통신,10280
943,쎄니트,37760
944,씨엠에스에듀,225330
945,아난티,25980
946,아시아경제,127710
947,아이디스홀딩스,54800
948,아이쓰리시스템,214430
949,아이씨케이,68940
950,아이컴포넌트,59100
951,아주IB투자,27360
952,안국약품,1540
953,알톤스포츠,123750
954,압타바이오,293780
955,액션스퀘어,205500
956,에스맥,97780
957,에스앤더블류,103230
958,에스에이티,60540
959,에스엔유,80000
960,에스엔텍비엠,160600
961,에스티팜,237690
962,에이앤티앤,50320
963,에이에프더블류,312610
964,에이치엔티,176440
965,에이테크솔루션,71670
966,에코캡,128540
967,엘앤씨바이오,290650
968,엠에스씨,9780
969,엠젠플러스,32790
970,엠플러스,259630
971,오디텍,80520
972,오로라,39830
973,와이지엔터테인먼트,122870
974,우리기술투자,41190
975,우주일렉트로,65680
976,우진비앤지,18620
977,위지윅스튜디오,299900
978,윈스,136540
979,유라테크,48430
980,유앤아이,56090
981,이그잭스,60230
982,이니텍,53350
983,이베스트투자증권,78020
984,이에스에이,52190
985,이화전기,24810
986,인바디,41830
987,인지디스플레,37330
988,인콘,83640
989,인터엠,17250
990,일지테크,19540
991,제닉,123330
992,제로투세븐,159580
993,제이엠아이,33050
994,지티지웰니스,219750
995,진로발효,18120
996,차바이오텍,85660
997,차이나그레이트,900040
998,천랩,311690
999,체리부로,66360
1000,컴투스,78340
1001,케이디켐,221980
1002,케이씨티,89150
1003,케이엠제약,225430
1004,코디엠,224060
1005,코리아에스이,101670
1006,코썬바이오,204990
1007,큐렉소,60280
1008,큐로컴,40350
1009,크루셜텍,114120
1010,크리스탈,83790
1011,클리오,237880
1012,태양,53620
1013,테라젠이텍스,66700
1014,테크윙,89030
1015,티에스이,131290
1016,티엘아이,62860
1017,티움바이오,321550
1018,팍스넷,38160
1019,팜스빌,318010
1020,팬스타엔터프라이즈,54300
1021,펄어비스,263750
1022,평화정공,43370
1023,포비스티앤씨,16670
1024,포스코 ICT,22100
1025,포시에스,189690
1026,플레이위드,23770
1027,피씨엘,241820
1028,피앤이솔루션,131390
1029,피피아이,62970
1030,필링크,64800
1031,하나금융13호스팩,320000
1032,하나금융9호스팩,261200
1033,하이제4호스팩,317240
1034,한국정보인증,53300
1035,한국제5호스팩,271740
1036,한국제8호스팩,310870
1037,한류타임즈,39670
1038,한솔인티큐브,70590
1039,한송네오텍,226440
1040,한스바이오메드,42520
1041,한일단조,24740
1042,한창산업,79170
1043,해덕파워웨이,102210
1044,해마로푸드서비스,220630
1045,휴림로봇,90710
1046,휴마시스,205470
1047,휴비츠,65510
1048,흥구석유,24060
1049,흥국,10240
1050,DB금융스팩6호,306620
1051,GS홈쇼핑,28150
1052,HB테크놀러지,78150
1053,IBKS제12호스팩,335870
1054,ISC,95340
1055,KD,44180
1056,KG이니시스,35600
1057,KNN,58400
1058,MP한강,219550
1059,NEW,160550
1060,NE능률,53290
1061,NHN한국사이버결제,60250
1062,SBI인베스트먼트,19550
1063,THE MIDONG,161570
1064,iMBC,52220
1065,고려제약,14570
1066,국일제지,78130
1067,금강철강,53260
1068,금화피에스시,36190
1069,나노스,151910
1070,나노캠텍,91970
1071,나라엠앤디,51490
1072,내츄럴엔도텍,168330
1073,노랑풍선,104620
1074,녹십자엠에스,142280
1075,녹십자웰빙,234690
1076,뉴트리,270870
1077,다나와,119860
1078,대륙제관,4780
1079,대모,317850
1080,대성엘텍,25440
1081,대성창투,27830
1082,대양제지,6580
1083,대정화금,120240
1084,대주산업,3310
1085,동국S&C,100130
1086,동성화인텍,33500
1087,동양에스텍,60380
1088,동양이엔피,79960
1089,동일철강,23790
1090,드래곤플라이,30350
1091,드림시큐리티,203650
1092,디스플레이텍,66670
1093,디알젬,263690
1094,디에이치피코리아,131030
1095,디자인,227100
1096,디케이디앤아이,33310
1097,랩지노믹스,84650
1098,레드로버,60300
1099,레이,228670
1100,로보티즈,108490
1101,마이크로텍,227950
1102,마크로젠,38290
1103,매일유업,267980
1104,멀티캠퍼스,67280
1105,메디앙스,14100
1106,미래생명자원,218150
1107,바른손이앤에이,35620
1108,바이오솔루션,86820
1109,바이오톡스텍,86040
1110,버추얼텍,36620
1111,베스파,299910
1112,빅솔론,93190
1113,삼목에스폼,18310
1114,삼성스팩2호,291230
1115,상상인,38540
1116,샘코,263540
1117,서암기계공업,100660
1118,서울반도체,46890
1119,서진시스템,178320
1120,세미콘라이트,214310
1121,세원,234100
1122,세화피앤씨,252500
1123,셀리버리,268600
1124,셀트리온헬스케어,91990
1125,소프트센,32680
1126,솔고바이오,43100
1127,쇼박스,86980
1128,슈피겐코리아,192440
1129,시큐브,131090
1130,신라섬유,1000
1131,심텍홀딩스,36710
1132,싸이맥스,160980
1133,씨유메디칼,115480
1134,씨티씨바이오,60590
1135,씨티케이코스메틱스,260930
1136,아모그린텍,125210
1137,아미노로직스,74430
1138,아바코,83930
1139,아바텍,149950
1140,아이디스,143160
1141,아이에스이커머스,69920
1142,아이엠,101390
1143,알엔투테크놀로지,148250
1144,액토즈소프트,52790
1145,앤씨앤,92600
1146,에너토크,19990
1147,에스디시스템,121890
1148,에스엠코어,7820
1149,에스트래픽,234300
1150,에스티아이,39440
1151,에쎈테크,43340
1152,에이텍,45660
1153,에코프로,86520
1154,에프엔씨엔터,173940
1155,엑시콘,92870
1156,엔지스테크널러지,208860
1157,엔터메이트,206400
1158,엔텔스,69410
1159,엠게임,58630
1160,영신금속,7530
1161,영우디에스피,143540
1162,오가닉티코스메틱,900300
1163,오리엔탈정공,14940
1164,오리콤,10470
1165,오성첨단소재,52420
1166,오션브릿지,241790
1167,오스코텍,39200
1168,오스템,31510
1169,우리기술,32820
1170,우리넷,115440
1171,우리로,46970
1172,우정바이오,215380
1173,월덱스,101160
1174,웰크론한텍,76080
1175,윙입푸드,900340
1176,유니셈,36200
1177,유니온커뮤니티,203450
1178,유니트론텍,142210
1179,유신,54930
1180,유진기업,23410
1181,유진로봇,56080
1182,율호,72770
1183,이노테라피,246960
1184,이라이콤,41520
1185,이스트아시아홀딩스,900110
1186,이엑스티,226360
1187,이엘피,63760
1188,이원컴포텍,88290
1189,이지바이오,35810
1190,이지웰페어,90850
1191,이크레더블,92130
1192,이트론,96040
1193,인산가,277410
1194,인트론바이오,48530
1195,일진파워,94820
1196,자비스,254120
1197,제테마,216080
1198,조이시티,67000
1199,지에스이,53050
1200,청담러닝,96240
1201,카페24,42000
1202,케어랩스,263700
1203,케어젠,214370
1204,케이아이엔엑스,93320
1205,케이알피앤이,60900
1206,케이엠,83550
1207,케이프,64820
1208,켐트로닉스,89010
1209,켐트로스,220260
1210,코닉글로리,94860
1211,큐로홀딩스,51780
1212,태광,23160
1213,파워넷,37030
1214,파인테크닉스,106240
1215,파트론,91700
1216,파티게임즈,194510
1217,포스코엠텍,9520
1218,포인트엔지니어링,256630
1219,퓨쳐스트림네트웍스,214270
1220,피앤씨테크,237750
1221,하나머스트제6호스팩,307160
1222,하림지주,3380
1223,하이제5호스팩,340120
1224,하이즈항공,221840
1225,한국가구,4590
1226,한국정밀기계,101680
1227,한국테크놀로지,53590
1228,한빛소프트,47080
1229,해성산업,34810
1230,헬릭스미스,84990
1231,현대통신,39010
1232,화일약품,61250
1233,화진,134780
1234,휘닉스소재,50090
1235,휴온스,243070
1236,휴온스글로벌,84110
1237,흥국에프엔비,189980
1238,AP시스템,265520
1239,GV,45890
1240,KPX생명과학,114450
1241,S&K폴리텍,91340
1242,SFA반도체,36540
1243,YTN,40300
1244,나우IB,293580
1245,네오팜,92730
1246,네오펙트,290660
1247,넥스트아이,137940
1248,노터스,278650
1249,농우바이오,54050
1250,누리텔레콤,40160
1251,다믈멀티미디어,93640
1252,대동스틸,48470
1253,대보마그네틱,290670
1254,대신밸런스제8호스팩,336570
1255,대한광통신,10170
1256,데브시스터즈,194480
1257,데이타솔루션,263800
1258,도이치모터스,67990
1259,동운아나텍,94170
1260,동원개발,13120
1261,동일금속,109860
1262,동화기업,25900
1263,드림어스컴퍼니,60570
1264,디딤,217620
1265,디지탈옵틱,106520
1266,디케이락,105740
1267,라이트론,69540
1268,러셀,217500
1269,레이언스,228850
1270,로보로보,215100
1271,로체시스템즈,71280
1272,루멘스,38060
1273,루트로닉,85370
1274,리노공업,58470
1275,리드,197210
1276,링크제니시스,219420
1277,마이크로컨텍솔,98120
1278,매커스,93520
1279,메가스터디,72870
1280,멕아이씨에스,58110
1281,멜파스,96640
1282,모다,149940
1283,바른손,18700
1284,바른테크놀로지,29480
1285,배럴,267790
1286,백금T&A,46310
1287,버킷스튜디오,66410
1288,보성파워텍,6910
1289,비씨월드제약,200780
1290,비즈니스온,138580
1291,상상인이안제2호스팩,329560
1292,상상인인더스트리,101000
1293,서울리거,43710
1294,서울전자통신,27040
1295,서희건설,35890
1296,성광벤드,14620
1297,세동,53060
1298,세중,39310
1299,소리바다,53110
1300,솔브레인,36830
1301,슈프리마아이디,317770
1302,시스웍,269620
1303,신일제약,12790
1304,신진에스엠,138070
1305,썬텍,122800
1306,썸에이지,208640
1307,쏠리드,50890
1308,씨아이에스,222080
1309,씨케이에이치,900120
1310,아세아텍,50860
1311,아이앤씨,52860
1312,아이엘사이언스,307180
1313,아이티센,124500
1314,안랩,53800
1315,알로이스,297570
1316,알서포트,131370
1317,알에스오토메이션,140670
1318,알파홀딩스,117670
1319,양지사,30960
1320,에스디생명공학,217480
1321,에스모 머티리얼즈,87730
1322,에스씨디,42110
1323,에스텍,69510
1324,에스폴리텍,50760
1325,에이디테크놀로지,200710
1326,에치에프알,230240
1327,엔케이맥스,182400
1328,엘앤에프,66970
1329,엘앤케이바이오,156100
1330,영풍정밀,36560
1331,예선테크,250930
1332,오상자이엘,53980
1333,올리패스,244460
1334,올릭스,226950
1335,옴니시스템,57540
1336,와이오엠,66430
1337,와토스코리아,79000
1338,우리이앤엘,153490
1339,우원개발,46940
1340,위니아딤채,71460
1341,위즈코프,38620
1342,유비케어,32620
1343,유안타제3호스팩,287410
1344,유안타제4호스팩,313750
1345,유진스팩4호,321260
1346,이베스트이안스팩1호,323210
1347,이씨에스,67010
1348,이오테크닉스,39030
1349,이즈미디어,181340
1350,인터파크홀딩스,35080
1351,인트로메딕,150840
1352,인프라웨어,41020
1353,인화정공,101930
1354,자연과환경,43910
1355,제넥신,95700
1356,제룡산업,147830
1357,제이브이엠,54950
1358,제일테크노스,38010
1359,중앙오션,54180
1360,지트리비앤티,115450
1361,진양제약,7370
1362,천보,278280
1363,캔서롭,180400
1364,컴퍼니케이,307930
1365,케이에스피,73010
1366,케이엘넷,39420
1367,케이엠더블유,32500
1368,코리아나,27050
1369,코리아에프티,123410
1370,코미코,183300
1371,코아시아,45970
1372,코윈테크,282880
1373,코콤,15710
1374,큐에스아이,66310
1375,크리스에프앤씨,110790
1376,클래시스,214150
1377,키이스트,54780
1378,테스,95610
1379,텔레칩스,54450
1380,텔레필드,91440
1381,텔콘RF제약,200230
1382,티라유텍,322180
1383,파인넥스,123260
1384,판타지오,32800
1385,푸른기술,94940
1386,퓨쳐켐,220100
1387,프럼파스트,35200
1388,피엔티,137400
1389,피제이전자,6140
1390,하림,136480
1391,하이로닉,149980
1392,하이비젼시스템,126700
1393,하츠,66130
1394,한국기업평가,34950
1395,한국제6호스팩,281410
1396,한네트,52600
1397,한라IMS,92460
1398,홈센타홀딩스,60560
1399,화신테크,86250
1400,휴맥스,115160
1401,휴메딕스,200670
